Economy_Label,2000_Absolute_value_in_millions_Value,2001_Absolute_value_in_millions_Value,2002_Absolute_value_in_millions_Value,2003_Absolute_value_in_millions_Value,2004_Absolute_value_in_millions_Value,2005_Absolute_value_in_millions_Value,2006_Absolute_value_in_millions_Value,2007_Absolute_value_in_millions_Value,2008_Absolute_value_in_millions_Value,2009_Absolute_value_in_millions_Value,2010_Absolute_value_in_millions_Value,2011_Absolute_value_in_millions_Value,2012_Absolute_value_in_millions_Value,2013_Absolute_value_in_millions_Value,2014_Absolute_value_in_millions_Value,2015_Absolute_value_in_millions_Value,2016_Absolute_value_in_millions_Value,2017_Absolute_value_in_millions_Value,2018_Absolute_value_in_millions_Value,2019_Absolute_value_in_millions_Value,2020_Absolute_value_in_millions_Value,2021_Absolute_value_in_millions_Value,2022_Absolute_value_in_millions_Value,2023_Absolute_value_in_millions_Value,2024_Absolute_value_in_millions_Value,2025_Absolute_value_in_millions_Value,2026_Absolute_value_in_millions_Value
"Individual economies",,,,,,,,,,,,,,,,,,,,,,,,,,,
"Afghanistan",19.543,19.689,21,22.645,23.554,24.411,25.443,25.903,26.427,27.385,28.19,29.249,30.466,31.541,32.716,33.753,34.636,35.643,36.687,37.769,38.972,40.099,41.129,42.24,43.373,44.516,45.668
"Albania",3.182,3.154,3.124,3.093,3.063,3.033,3.003,2.976,2.952,2.931,2.913,2.901,2.892,2.887,2.884,2.882,2.881,2.879,2.877,2.874,2.867,2.855,2.842,2.832,2.826,2.822,2.817
"Algeria",30.775,31.201,31.625,32.056,32.51,32.957,33.435,33.984,34.57,35.196,35.856,36.544,37.261,38.001,38.76,39.543,40.339,41.137,41.927,42.705,43.452,44.178,44.903,45.606,46.279,46.922,47.538
"American Samoa",0.058,0.058,0.058,0.058,0.058,0.057,0.057,0.056,0.056,0.055,0.055,0.054,0.054,0.053,0.052,0.051,0.05,0.049,0.048,0.047,0.046,0.045,0.044,0.044,0.044,0.043,0.043
"Andorra",0.066,0.068,0.071,0.074,0.077,0.08,0.08,0.078,0.076,0.074,0.072,0.071,0.071,0.071,0.072,0.072,0.073,0.074,0.075,0.076,0.078,0.079,0.08,0.08,0.08,0.081,0.081
"Angola",16.394,16.942,17.516,18.124,18.771,19.451,20.162,20.91,21.692,22.508,23.364,24.259,25.188,26.147,27.128,28.128,29.155,30.209,31.274,32.354,33.428,34.504,35.589,36.684,37.805,38.943,40.1
"Anguilla",0.011,0.011,0.012,0.012,0.012,0.012,0.012,0.013,0.013,0.013,0.013,0.013,0.013,0.014,0.014,0.015,0.015,0.015,0.015,0.015,0.016,0.016,0.016,0.016,0.016,0.016,0.016
"Antigua and Barbuda",0.075,0.076,0.077,0.078,0.079,0.08,0.081,0.082,0.083,0.085,0.086,0.087,0.088,0.088,0.089,0.09,0.091,0.091,0.092,0.092,0.093,0.093,0.094,0.094,0.095,0.095,0.096
"Argentina",37.071,37.48,37.885,38.278,38.669,39.071,39.477,39.876,40.274,40.684,41.1,41.521,41.952,42.388,42.824,43.257,43.668,44.055,44.414,44.746,45.036,45.277,45.51,45.774,46.058,46.338,46.613
"Armenia",3.169,3.133,3.105,3.084,3.066,3.047,3.026,3.004,2.983,2.964,2.946,2.929,2.914,2.901,2.89,2.879,2.866,2.852,2.837,2.821,2.806,2.791,2.78,2.778,2.778,2.777,2.775
"Aruba",0.089,0.091,0.092,0.093,0.094,0.094,0.096,0.097,0.098,0.099,0.1,0.101,0.102,0.103,0.104,0.104,0.105,0.105,0.106,0.106,0.107,0.107,0.106,0.106,0.106,0.106,0.106
"Australia",19.018,19.248,19.476,19.699,19.925,20.172,20.467,20.831,21.248,21.661,22.019,22.357,22.729,23.112,23.47,23.82,24.196,24.59,24.979,25.357,25.67,25.921,26.177,26.439,26.699,26.958,27.214
"Austria",8.01,8.04,8.079,8.12,8.171,8.227,8.268,8.295,8.321,8.343,8.363,8.391,8.43,8.48,8.546,8.642,8.736,8.797,8.841,8.88,8.908,8.922,8.94,8.959,8.977,8.994,9.01
"Azerbaijan",8.19,8.282,8.372,8.462,8.556,8.656,8.763,8.878,9,9.12,9.237,9.359,9.486,9.614,9.742,9.863,9.976,10.072,10.153,10.233,10.285,10.313,10.358,10.413,10.463,10.51,10.553
"Bahamas",0.325,0.33,0.334,0.338,0.343,0.348,0.353,0.358,0.363,0.368,0.373,0.378,0.382,0.386,0.389,0.393,0.396,0.399,0.402,0.405,0.406,0.408,0.41,0.413,0.415,0.418,0.42
"Bahrain",0.711,0.73,0.748,0.778,0.833,0.902,0.971,1.041,1.11,1.179,1.214,1.212,1.225,1.262,1.311,1.362,1.41,1.457,1.487,1.494,1.477,1.463,1.472,1.486,1.499,1.512,1.524
"Bangladesh",129.193,131.67,134.14,136.503,138.79,140.913,142.629,144.136,145.421,146.707,148.391,150.211,152.091,154.03,155.961,157.83,159.785,161.794,163.684,165.516,167.421,169.356,171.186,172.954,174.701,176.422,178.106
"Barbados",0.265,0.265,0.266,0.267,0.269,0.269,0.27,0.271,0.273,0.274,0.275,0.275,0.276,0.277,0.277,0.278,0.279,0.279,0.28,0.28,0.281,0.281,0.282,0.282,0.282,0.283,0.283
"Belarus",10.256,10.201,10.135,10.066,10,9.935,9.875,9.826,9.788,9.758,9.731,9.707,9.694,9.691,9.694,9.701,9.708,9.708,9.696,9.674,9.634,9.578,9.535,9.498,9.455,9.413,9.371
"Belgium",10.264,10.309,10.356,10.403,10.456,10.517,10.583,10.654,10.727,10.801,10.878,10.956,11.031,11.103,11.177,11.248,11.317,11.384,11.449,11.511,11.562,11.611,11.656,11.686,11.716,11.745,11.772
"Belize",0.24,0.248,0.256,0.264,0.272,0.28,0.289,0.297,0.306,0.314,0.322,0.33,0.337,0.345,0.352,0.36,0.367,0.375,0.382,0.389,0.395,0.4,0.405,0.411,0.417,0.422,0.428
"Benin",6.998,7.212,7.432,7.659,7.895,8.149,8.403,8.648,8.906,9.173,9.446,9.726,10.014,10.309,10.615,10.933,11.26,11.597,11.941,12.29,12.643,12.997,13.353,13.713,14.08,14.454,14.833
"Bermuda",0.061,0.062,0.062,0.062,0.063,0.063,0.063,0.063,0.063,0.063,0.063,0.064,0.064,0.064,0.063,0.063,0.063,0.063,0.064,0.064,0.064,0.064,0.064,0.064,0.064,0.064,0.064
"Bhutan",0.587,0.603,0.619,0.635,0.65,0.663,0.673,0.682,0.69,0.698,0.706,0.713,0.721,0.729,0.736,0.743,0.75,0.756,0.762,0.767,0.773,0.777,0.782,0.787,0.792,0.797,0.802
"Bolivia (Plurinational State of)",8.593,8.746,8.901,9.057,9.216,9.377,9.543,9.711,9.881,10.051,10.223,10.396,10.57,10.743,10.917,11.09,11.263,11.436,11.607,11.777,11.936,12.079,12.224,12.389,12.567,12.746,12.925
"Bonaire, Sint Eustatius and Saba",,,,,,,,,,,,0.021,0.021,0.022,0.023,0.023,0.024,0.024,0.025,0.026,0.026,0.027,0.027,0.027,0.027,0.027,0.028
"Bosnia and Herzegovina",4.179,4.195,4.198,4.184,4.143,4.094,4.058,4.008,3.943,3.878,3.811,3.743,3.674,3.618,3.571,3.524,3.481,3.44,3.4,3.361,3.318,3.271,3.234,3.211,3.194,3.182,3.168
"Botswana",1.727,1.762,1.795,1.827,1.859,1.893,1.929,1.967,2.007,2.049,2.092,2.134,2.175,2.217,2.26,2.305,2.352,2.402,2.451,2.5,2.546,2.588,2.63,2.675,2.72,2.763,2.806
"Brazil",175.874,178.212,180.477,182.629,184.722,186.797,188.821,190.779,192.672,194.518,196.353,198.185,199.978,201.722,203.46,205.188,206.86,208.505,210.167,211.783,213.196,214.326,215.313,216.422,217.637,218.803,219.927
"British Virgin Islands",0.02,0.021,0.021,0.022,0.023,0.023,0.024,0.025,0.026,0.027,0.028,0.028,0.028,0.029,0.029,0.029,0.03,0.03,0.03,0.031,0.031,0.031,0.031,0.032,0.032,0.032,0.032
"Brunei Darussalam",0.334,0.341,0.347,0.354,0.36,0.367,0.373,0.379,0.385,0.39,0.396,0.402,0.407,0.412,0.417,0.421,0.426,0.43,0.434,0.438,0.442,0.445,0.449,0.453,0.456,0.459,0.462
"Bulgaria",8.098,8.035,7.975,7.918,7.865,7.815,7.766,7.719,7.675,7.635,7.592,7.543,7.488,7.431,7.372,7.309,7.246,7.182,7.117,7.053,6.979,6.886,6.782,6.688,6.619,6.565,6.511
"Burkina Faso",11.883,12.25,12.632,13.031,13.446,13.876,14.316,14.757,15.198,15.65,16.117,16.603,17.114,17.636,18.17,18.718,19.275,19.836,20.393,20.952,21.523,22.101,22.674,23.251,23.84,24.437,25.04
"Burundi",6.308,6.466,6.649,6.861,7.12,7.389,7.658,7.945,8.278,8.709,9.127,9.456,9.795,10.15,10.495,10.727,10.903,11.156,11.493,11.875,12.22,12.551,12.89,13.239,13.592,13.948,14.308
"Cabo Verde",0.458,0.466,0.473,0.48,0.487,0.493,0.499,0.505,0.51,0.516,0.521,0.528,0.534,0.54,0.546,0.552,0.558,0.565,0.571,0.577,0.583,0.588,0.593,0.599,0.604,0.61,0.616
"Cambodia",12.119,12.338,12.562,12.788,13.016,13.247,13.478,13.715,13.944,14.156,14.364,14.574,14.787,15,15.211,15.418,15.625,15.831,16.025,16.208,16.397,16.589,16.768,16.945,17.122,17.294,17.46
"Cameroon",15.092,15.493,15.914,16.354,16.809,17.275,17.751,18.252,18.777,19.319,19.878,20.449,21.033,21.633,22.3,23.013,23.712,24.393,25.077,25.782,26.491,27.199,27.915,28.647,29.394,30.151,30.914
"Canada",30.683,31.003,31.322,31.619,31.912,32.216,32.532,32.862,33.219,33.594,33.963,34.324,34.692,35.064,35.405,35.732,36.114,36.554,37.035,37.523,37.889,38.155,38.454,38.781,39.107,39.431,39.754
"Cayman Islands",0.04,0.041,0.042,0.044,0.045,0.047,0.048,0.05,0.051,0.053,0.054,0.055,0.057,0.058,0.06,0.061,0.062,0.064,0.065,0.066,0.067,0.068,0.069,0.069,0.07,0.07,0.071
"Central African Republic",3.759,3.845,3.931,4.027,4.115,4.209,4.294,4.376,4.467,4.565,4.66,4.732,4.773,4.802,4.799,4.819,4.904,4.997,5.095,5.209,5.343,5.457,5.579,5.742,5.916,6.097,6.287
"Chad",8.259,8.539,8.838,9.196,9.614,10.005,10.366,10.723,11.099,11.496,11.895,12.318,12.755,13.217,13.697,14.14,14.593,15.086,15.604,16.127,16.645,17.18,17.723,18.279,18.847,19.426,20.013
"Chile",15.352,15.524,15.694,15.859,16.018,16.175,16.335,16.496,16.661,16.833,17.004,17.174,17.342,17.51,17.687,17.87,18.084,18.369,18.701,19.039,19.3,19.493,19.604,19.63,19.659,19.69,19.727
"China",1264.099,1272.74,1280.926,1288.873,1296.817,1304.888,1313.087,1321.513,1330.167,1339.126,1348.191,1357.095,1366.561,1376.1,1385.19,1393.715,1401.89,1410.276,1417.069,1421.864,1424.93,1425.893,1425.887,1425.671,1425.179,1424.382,1423.255
"China, Hong Kong SAR",6.731,6.802,6.849,6.886,6.916,6.937,6.961,7.001,7.051,7.095,7.132,7.175,7.234,7.297,7.352,7.4,7.436,7.462,7.482,7.496,7.501,7.495,7.489,7.492,7.497,7.5,7.501
"China, Macao SAR",0.432,0.439,0.45,0.463,0.476,0.489,0.502,0.515,0.529,0.543,0.557,0.571,0.583,0.593,0.604,0.615,0.627,0.639,0.651,0.664,0.676,0.687,0.695,0.704,0.713,0.722,0.731
"China, Taiwan Province of",22.195,22.333,22.47,22.594,22.703,22.796,22.875,22.942,22.998,23.044,23.083,23.143,23.234,23.33,23.423,23.512,23.594,23.665,23.726,23.778,23.821,23.86,23.893,23.923,23.95,23.974,23.994
"Colombia",39.215,39.838,40.454,41.058,41.648,42.221,42.773,43.307,43.815,44.314,44.816,45.309,45.782,46.238,46.678,47.12,47.626,48.352,49.277,50.187,50.931,51.517,51.874,52.085,52.341,52.611,52.903
"Comoros",0.537,0.548,0.559,0.57,0.581,0.593,0.605,0.617,0.629,0.642,0.656,0.67,0.685,0.699,0.715,0.73,0.746,0.762,0.776,0.791,0.806,0.822,0.837,0.852,0.868,0.883,0.898
"Congo",3.134,3.254,3.331,3.425,3.543,3.673,3.813,3.956,4.09,4.257,4.438,4.584,4.713,4.828,4.945,5.064,5.187,5.312,5.441,5.571,5.702,5.836,5.97,6.107,6.245,6.384,6.525
"Congo, Dem. Rep. of the",48.616,50.107,51.662,53.206,54.816,56.55,58.382,60.289,62.25,64.27,66.391,68.654,70.998,73.46,76.036,78.657,81.431,84.283,87.087,89.907,92.853,95.894,99.01,102.263,105.625,109.076,112.608
"Cook Islands",0.016,0.015,0.015,0.015,0.015,0.015,0.015,0.016,0.016,0.017,0.017,0.018,0.018,0.018,0.018,0.018,0.018,0.017,0.017,0.017,0.017,0.017,0.017,0.017,0.017,0.017,0.017
"Costa Rica",3.979,4.053,4.123,4.189,4.253,4.316,4.378,4.44,4.502,4.563,4.622,4.68,4.737,4.792,4.844,4.895,4.945,4.994,5.041,5.085,5.123,5.154,5.181,5.212,5.247,5.28,5.313
"Côte d'Ivoire",16.8,17.245,17.684,18.116,18.545,18.97,19.394,19.818,20.244,20.678,21.12,21.563,22.011,22.469,22.996,23.597,24.214,24.848,25.494,26.148,26.812,27.478,28.161,28.873,29.603,30.344,31.095
"Croatia",4.548,4.507,4.483,4.461,4.443,4.43,4.418,4.406,4.394,4.382,4.369,4.352,4.332,4.309,4.284,4.255,4.224,4.192,4.16,4.13,4.097,4.06,4.03,4.009,3.987,3.964,3.942
"Cuba",11.106,11.139,11.17,11.199,11.225,11.246,11.261,11.27,11.277,11.283,11.29,11.299,11.309,11.322,11.332,11.34,11.342,11.336,11.328,11.317,11.301,11.256,11.212,11.194,11.175,11.153,11.129
"Curaçao",,,,,,,,,,,,0.162,0.164,0.166,0.168,0.17,0.171,0.172,0.185,0.193,0.189,0.19,0.191,0.192,0.193,0.194,0.195
"Cyprus",0.694,0.702,0.71,0.718,0.728,0.739,0.751,0.767,0.787,0.808,0.829,0.851,0.864,0.862,0.852,0.848,0.852,0.86,0.87,0.882,0.892,0.9,0.908,0.916,0.924,0.932,0.939
"Czechia",10.235,10.23,10.238,10.248,10.261,10.28,10.305,10.338,10.379,10.422,10.465,10.496,10.511,10.515,10.517,10.524,10.528,10.531,10.535,10.537,10.531,10.511,10.494,10.495,10.504,10.51,10.514
"Czechoslovakia",,,,,,,,,,,,,,,,,,,,,,,,,,,
"Denmark",5.341,5.361,5.379,5.396,5.416,5.436,5.458,5.48,5.503,5.526,5.551,5.576,5.601,5.625,5.651,5.678,5.707,5.737,5.767,5.796,5.826,5.854,5.882,5.911,5.94,5.968,5.997
"Djibouti",0.742,0.765,0.789,0.806,0.818,0.831,0.847,0.865,0.883,0.901,0.919,0.937,0.954,0.972,0.989,1.006,1.023,1.04,1.057,1.074,1.09,1.106,1.121,1.136,1.152,1.168,1.184
"Dominica",0.068,0.068,0.068,0.068,0.069,0.069,0.069,0.069,0.069,0.069,0.069,0.069,0.069,0.069,0.069,0.07,0.07,0.07,0.071,0.071,0.072,0.072,0.073,0.073,0.073,0.074,0.074
"Dominican Republic",8.541,8.669,8.795,8.92,9.043,9.165,9.284,9.402,9.523,9.648,9.776,9.904,10.031,10.157,10.282,10.406,10.528,10.647,10.766,10.882,11,11.118,11.229,11.333,11.434,11.532,11.627
"Ecuador",12.627,12.846,13.071,13.301,13.535,13.77,14.009,14.252,14.497,14.743,14.99,15.238,15.484,15.723,15.958,16.196,16.44,16.697,17.016,17.344,17.589,17.798,18.001,18.19,18.377,18.563,18.75
"Egypt",71.371,72.854,74.394,75.963,77.522,79.075,80.63,82.219,83.845,85.501,87.252,89.2,91.24,93.378,95.592,97.724,99.784,101.789,103.741,105.619,107.465,109.262,110.99,112.717,114.484,116.275,118.059
"El Salvador",5.958,5.988,6.011,6.027,6.036,6.038,6.034,6.044,6.068,6.091,6.114,6.137,6.161,6.186,6.21,6.231,6.251,6.267,6.276,6.28,6.293,6.314,6.336,6.365,6.396,6.426,6.455
"Equatorial Guinea",0.685,0.719,0.754,0.79,0.826,0.865,0.905,0.949,0.995,1.044,1.095,1.145,1.194,1.244,1.295,1.347,1.399,1.451,1.502,1.553,1.596,1.634,1.675,1.715,1.755,1.796,1.836
"Eritrea",2.393,2.462,2.547,2.653,2.763,2.832,2.88,2.926,3.006,3.084,3.148,3.208,3.253,3.296,3.323,3.34,3.365,3.397,3.445,3.499,3.556,3.62,3.684,3.749,3.818,3.89,3.964
"Estonia",1.397,1.388,1.379,1.371,1.362,1.355,1.347,1.341,1.337,1.335,1.332,1.327,1.323,1.318,1.315,1.315,1.316,1.318,1.322,1.327,1.329,1.329,1.326,1.323,1.319,1.315,1.31
"Eswatini",1.03,1.041,1.051,1.059,1.066,1.072,1.078,1.084,1.09,1.095,1.1,1.105,1.111,1.118,1.126,1.134,1.143,1.151,1.16,1.17,1.181,1.192,1.202,1.211,1.222,1.235,1.248
"Ethiopia",67.032,69.019,71.073,73.169,75.301,77.47,79.691,81.996,84.357,86.756,89.238,91.818,94.451,97.084,99.747,102.472,105.293,108.198,111.129,114.121,117.191,120.283,123.38,126.527,129.72,132.939,136.18
"Ethiopia (...1991)",,,,,,,,,,,,,,,,,,,,,,,,,,,
"Falkland Islands (Malvinas)",0.003,0.003,0.003,0.003,0.003,0.003,0.003,0.003,0.003,0.003,0.003,0.003,0.003,0.003,0.003,0.003,0.004,0.004,0.004,0.004,0.004,0.004,0.004,0.004,0.004,0.004,0.004
"Faroe Islands",0.046,0.046,0.047,0.047,0.048,0.048,0.048,0.048,0.048,0.048,0.048,0.048,0.048,0.048,0.048,0.049,0.05,0.05,0.051,0.052,0.052,0.053,0.053,0.053,0.053,0.054,0.054
"Fiji",0.833,0.841,0.85,0.858,0.867,0.875,0.883,0.891,0.897,0.901,0.905,0.908,0.911,0.913,0.916,0.917,0.918,0.919,0.919,0.918,0.92,0.925,0.93,0.936,0.943,0.95,0.957
"Finland",5.176,5.188,5.201,5.213,5.228,5.246,5.266,5.289,5.313,5.339,5.363,5.388,5.414,5.439,5.461,5.479,5.495,5.508,5.515,5.522,5.529,5.536,5.541,5.545,5.55,5.554,5.558
"France",60.664,61.03,61.404,61.773,62.161,62.568,62.992,63.428,63.844,64.236,64.603,64.95,65.261,65.541,65.816,66.058,66.254,66.429,66.587,66.733,66.837,66.913,67.031,67.186,67.336,67.482,67.625
"France, metropolitan",58.665,59.015,59.373,59.728,60.108,60.51,60.919,61.329,61.721,62.093,62.445,62.775,63.071,63.335,63.588,63.81,63.989,64.144,64.278,64.4,64.48,64.531,64.627,64.757,64.882,65.003,65.121
"French Guiana",0.164,0.171,0.179,0.186,0.194,0.201,0.208,0.213,0.219,0.224,0.228,0.234,0.239,0.245,0.251,0.257,0.263,0.269,0.277,0.284,0.291,0.297,0.305,0.312,0.32,0.327,0.335
"Guadeloupe",0.424,0.421,0.418,0.413,0.409,0.403,0.401,0.402,0.402,0.403,0.403,0.403,0.403,0.402,0.401,0.399,0.398,0.397,0.396,0.395,0.396,0.396,0.396,0.396,0.396,0.397,0.397
"Martinique",0.433,0.429,0.425,0.419,0.41,0.4,0.396,0.396,0.395,0.394,0.392,0.39,0.387,0.385,0.384,0.384,0.38,0.377,0.375,0.372,0.37,0.369,0.368,0.367,0.366,0.366,0.365
"Mayotte",0.159,0.166,0.172,0.179,0.184,0.187,0.191,0.196,0.201,0.206,0.212,0.217,0.224,0.231,0.24,0.25,0.26,0.272,0.283,0.294,0.306,0.316,0.326,0.336,0.346,0.356,0.366
"Monaco",0.032,0.032,0.032,0.032,0.032,0.032,0.032,0.032,0.032,0.032,0.033,0.034,0.035,0.035,0.036,0.037,0.037,0.037,0.037,0.037,0.037,0.037,0.036,0.036,0.036,0.036,0.036
"Réunion",0.785,0.795,0.805,0.815,0.825,0.834,0.845,0.861,0.874,0.883,0.89,0.897,0.902,0.907,0.915,0.922,0.927,0.933,0.941,0.949,0.958,0.966,0.974,0.982,0.989,0.997,1.004
"French Polynesia",0.251,0.255,0.259,0.263,0.267,0.271,0.275,0.278,0.281,0.282,0.284,0.285,0.287,0.288,0.29,0.292,0.294,0.295,0.298,0.3,0.302,0.304,0.306,0.309,0.311,0.314,0.316
"Gabon",1.273,1.307,1.342,1.378,1.417,1.458,1.503,1.55,1.6,1.654,1.711,1.772,1.837,1.902,1.967,2.029,2.086,2.14,2.192,2.243,2.293,2.341,2.389,2.437,2.485,2.533,2.581
"Gambia",1.438,1.479,1.522,1.566,1.612,1.66,1.711,1.765,1.821,1.878,1.937,1.998,2.061,2.125,2.189,2.253,2.317,2.381,2.445,2.509,2.574,2.64,2.706,2.773,2.842,2.911,2.981
"Georgia",4.265,4.144,4.061,4.018,3.989,3.961,3.934,3.906,3.88,3.855,3.837,3.822,3.804,3.786,3.774,3.771,3.771,3.772,3.772,3.771,3.766,3.758,3.744,3.728,3.717,3.71,3.701
"Germany",81.552,81.515,81.443,81.347,81.267,81.212,81.178,81.184,81.217,81.261,81.325,81.423,81.546,81.681,81.859,82.073,82.331,82.624,82.897,83.148,83.329,83.409,83.37,83.295,83.252,83.199,83.135
"Germany, Federal Republic of",,,,,,,,,,,,,,,,,,,,,,,,,,,
"Ghana",19.666,20.196,20.758,21.33,21.906,22.497,23.099,23.708,24.326,24.951,25.575,26.206,26.859,27.526,28.196,28.871,29.554,30.222,30.871,31.522,32.18,32.833,33.476,34.122,34.778,35.44,36.103
"Gibraltar",0.028,0.028,0.028,0.028,0.029,0.029,0.03,0.03,0.03,0.031,0.031,0.032,0.032,0.032,0.032,0.033,0.033,0.033,0.033,0.033,0.033,0.033,0.033,0.033,0.033,0.033,0.033
"Greece",11.038,11.072,11.097,11.11,11.115,11.113,11.106,11.091,11.074,11.055,11.034,11.005,10.964,10.915,10.863,10.807,10.75,10.692,10.633,10.574,10.512,10.445,10.385,10.341,10.303,10.263,10.223
"Greenland",0.056,0.056,0.057,0.057,0.057,0.057,0.057,0.057,0.057,0.056,0.056,0.056,0.056,0.056,0.056,0.056,0.056,0.056,0.056,0.056,0.056,0.056,0.056,0.057,0.057,0.057,0.057
"Grenada",0.107,0.108,0.108,0.109,0.11,0.11,0.111,0.112,0.112,0.113,0.114,0.115,0.116,0.117,0.118,0.119,0.12,0.121,0.122,0.123,0.124,0.125,0.125,0.126,0.127,0.128,0.128
"Guam",0.16,0.162,0.163,0.163,0.164,0.164,0.165,0.165,0.165,0.165,0.165,0.166,0.166,0.167,0.168,0.168,0.168,0.169,0.169,0.169,0.169,0.171,0.172,0.173,0.174,0.175,0.176
"Guatemala",11.736,12.009,12.29,12.571,12.852,13.133,13.412,13.697,13.979,14.259,14.543,14.833,15.128,15.423,15.714,16.001,16.291,16.579,16.85,17.106,17.363,17.608,17.844,18.092,18.358,18.637,18.914
"Guinea",8.337,8.446,8.578,8.772,8.961,9.14,9.331,9.547,9.78,10.021,10.271,10.528,10.789,11.055,11.333,11.626,11.931,12.241,12.555,12.878,13.205,13.532,13.859,14.191,14.529,14.873,15.22
"Guinea-Bissau",1.231,1.257,1.286,1.316,1.347,1.38,1.414,1.451,1.488,1.527,1.567,1.609,1.653,1.698,1.743,1.789,1.835,1.88,1.925,1.97,2.016,2.061,2.106,2.151,2.197,2.244,2.292
"Guyana",0.759,0.76,0.76,0.761,0.76,0.76,0.758,0.757,0.754,0.751,0.748,0.744,0.744,0.747,0.751,0.755,0.759,0.763,0.786,0.799,0.797,0.805,0.809,0.814,0.82,0.825,0.83
"Haiti",8.36,8.512,8.662,8.812,8.961,9.112,9.266,9.421,9.575,9.731,9.843,9.954,10.109,10.261,10.413,10.564,10.714,10.864,11.012,11.16,11.307,11.448,11.585,11.725,11.867,12.01,12.151
"Holy See",0.001,0.001,0.001,0.001,0.001,0.001,0.001,0.001,0.001,0.001,0.001,0.001,0.001,0.001,0.001,0.001,0.001,0.001,0.001,0.001,0.001,0.001,0.001,0.001,0.001,0.001,0.001
"Honduras",6.657,6.838,7.02,7.202,7.383,7.565,7.745,7.924,8.102,8.277,8.451,8.623,8.792,8.961,9.128,9.295,9.461,9.627,9.793,9.959,10.122,10.278,10.433,10.594,10.759,10.924,11.087
"Hungary",10.202,10.178,10.148,10.118,10.094,10.074,10.057,10.041,10.024,10.009,9.987,9.953,9.922,9.895,9.868,9.844,9.815,9.789,9.776,9.772,9.751,9.71,9.967,10.156,9.995,9.871,9.79
"Iceland",0.281,0.285,0.288,0.29,0.292,0.297,0.304,0.312,0.318,0.319,0.318,0.319,0.321,0.324,0.328,0.331,0.336,0.344,0.353,0.361,0.367,0.37,0.373,0.375,0.378,0.38,0.382
"India",1059.634,1078.971,1098.313,1117.415,1136.265,1154.639,1172.374,1189.692,1206.735,1223.64,1240.614,1257.621,1274.487,1291.132,1307.247,1322.867,1338.636,1354.196,1369.003,1383.112,1396.387,1407.564,1417.173,1428.628,1441.72,1454.607,1467.231
"Indonesia",,,,223.08,225.939,228.805,231.797,234.858,237.937,240.981,244.016,247.1,250.223,253.276,256.23,259.092,261.85,264.499,267.067,269.583,271.858,273.753,275.501,277.534,279.798,282.004,284.151
"Indonesia (...2002)",214.951,218.005,221.025,,,,,,,,,,,,,,,,,,,,,,,,
"Iran (Islamic Republic of)",65.544,66.675,67.327,67.955,69.062,70.183,71.276,72.319,73.318,74.323,75.374,76.343,77.324,78.459,79.962,81.791,83.306,84.505,85.618,86.564,87.29,87.923,88.551,89.173,89.81,90.411,90.976
"Iraq",24.629,25.426,26.255,27.069,27.859,28.699,28.906,28.661,29.218,30.289,31.265,32.378,33.864,35.482,36.746,37.758,38.698,39.621,40.591,41.564,42.557,43.534,44.496,45.505,46.524,47.55,48.584
"Ireland",3.769,3.829,3.894,3.959,4.032,4.121,4.235,4.36,4.452,4.5,4.525,4.545,4.565,4.589,4.622,4.666,4.716,4.772,4.835,4.896,4.946,4.987,5.023,5.057,5.089,5.121,5.151
"Israel",6.117,6.238,6.357,6.476,6.596,6.714,6.832,6.952,7.075,7.2,7.328,7.46,7.592,7.727,7.864,8.008,8.159,8.309,8.456,8.608,8.757,8.9,9.038,9.175,9.312,9.449,9.586
"Italy",56.966,56.995,57.108,57.425,57.861,58.2,58.43,58.778,59.224,59.563,59.822,60.026,60.19,60.313,60.323,60.233,60.119,60.004,59.877,59.728,59.501,59.24,59.037,58.871,58.698,58.519,58.334
"Jamaica",2.612,2.625,2.638,2.651,2.664,2.677,2.69,2.701,2.711,2.722,2.734,2.746,2.76,2.773,2.785,2.794,2.803,2.808,2.812,2.814,2.82,2.828,2.827,2.826,2.825,2.823,2.821
"Japan",126.804,127.066,127.302,127.502,127.671,127.798,127.902,128.006,128.078,128.117,128.105,128.007,127.854,127.679,127.477,127.251,126.994,126.662,126.256,125.792,125.245,124.613,123.952,123.295,122.631,121.96,121.282
"Jordan",5.056,5.163,5.276,5.396,5.532,5.679,6.076,6.473,6.633,6.78,6.931,7.11,7.212,7.695,8.658,9.494,9.965,10.215,10.46,10.699,10.929,11.148,11.286,11.337,11.385,11.442,11.515
"Kazakhstan",15.236,15.281,15.339,15.417,15.522,15.656,15.823,16.006,16.197,16.402,16.628,16.865,17.103,17.346,17.592,17.836,18.079,18.315,18.538,18.754,18.979,19.196,19.398,19.607,19.828,20.056,20.278
"Kenya",30.852,31.8,32.78,33.767,34.792,35.843,36.925,38.037,39.187,40.364,41.518,42.635,43.726,44.792,45.832,46.851,47.895,48.948,49.953,50.951,51.986,53.006,54.027,55.101,56.203,57.324,58.457
"Kiribati",0.089,0.091,0.092,0.094,0.096,0.098,0.1,0.102,0.104,0.106,0.108,0.11,0.112,0.113,0.115,0.117,0.119,0.12,0.122,0.124,0.126,0.129,0.131,0.134,0.136,0.138,0.14
"Korea, Dem. People's Rep. of",23.367,23.513,23.638,23.782,23.949,24.101,24.236,24.357,24.469,24.582,24.686,24.784,24.888,25.002,25.126,25.258,25.39,25.516,25.638,25.755,25.867,25.972,26.069,26.161,26.245,26.32,26.387
"Korea, Republic of",46.789,47.065,47.321,47.54,47.727,47.89,48.049,48.221,48.399,48.588,48.813,49.17,49.634,50.098,50.558,50.994,51.31,51.512,51.677,51.804,51.845,51.83,51.816,51.784,51.742,51.69,51.631
"Kuwait",1.935,1.992,2.047,2.102,2.153,2.235,2.363,2.507,2.651,2.796,2.943,3.144,3.395,3.647,3.762,3.909,4.048,4.125,4.317,4.441,4.36,4.25,4.269,4.31,4.349,4.387,4.424
"Kyrgyzstan",4.935,4.981,5.027,5.078,5.137,5.193,5.247,5.295,5.345,5.414,5.484,5.552,5.632,5.72,5.814,5.915,6.018,6.121,6.223,6.324,6.425,6.528,6.631,6.735,6.84,6.943,7.044
"Lao People's Dem. Rep.",5.431,5.52,5.606,5.689,5.768,5.853,5.947,6.041,6.136,6.23,6.323,6.416,6.509,6.601,6.691,6.787,6.891,6.998,7.105,7.212,7.319,7.425,7.529,7.634,7.737,7.838,7.939
"Latvia",2.393,2.359,2.326,2.294,2.263,2.233,2.204,2.176,2.15,2.126,2.102,2.077,2.054,2.031,2.011,1.992,1.973,1.955,1.936,1.917,1.897,1.874,1.851,1.83,1.81,1.791,1.772
"Lebanon",4.321,4.389,4.447,4.505,4.575,4.643,4.72,4.81,4.888,4.951,4.996,5.045,5.178,5.679,6.274,6.399,6.259,6.109,5.951,5.782,5.663,5.593,5.49,5.354,5.219,5.098,4.988
"Lesotho",1.999,1.999,1.998,1.993,1.985,1.977,1.977,1.983,1.995,2.009,2.023,2.038,2.055,2.074,2.095,2.119,2.144,2.171,2.198,2.226,2.254,2.281,2.306,2.33,2.356,2.381,2.406
"Liberia",2.895,2.982,3.061,3.085,3.122,3.266,3.455,3.633,3.784,3.905,4.02,4.181,4.332,4.427,4.519,4.612,4.706,4.797,4.889,4.985,5.088,5.193,5.303,5.418,5.537,5.657,5.779
"Libya",5.155,5.276,5.405,5.543,5.688,5.838,5.973,6.097,6.228,6.36,6.492,6.188,5.87,5.985,6.098,6.192,6.282,6.378,6.478,6.569,6.654,6.735,6.812,6.888,6.964,7.038,7.111
"Lithuania",3.6,3.56,3.516,3.47,3.423,3.374,3.323,3.272,3.224,3.18,3.139,3.1,3.063,3.028,2.995,2.964,2.934,2.904,2.876,2.849,2.82,2.787,2.75,2.718,2.693,2.668,2.645
"Luxembourg",0.436,0.441,0.446,0.451,0.458,0.465,0.472,0.48,0.489,0.498,0.507,0.518,0.531,0.543,0.556,0.569,0.583,0.596,0.608,0.62,0.63,0.639,0.648,0.655,0.662,0.668,0.674
"Madagascar",16.216,16.71,17.212,17.724,18.251,18.792,19.35,19.925,20.514,21.117,21.731,22.348,22.966,23.588,24.216,24.851,25.502,26.17,26.847,27.533,28.225,28.916,29.612,30.326,31.057,31.797,32.545
"Malawi",11.229,11.499,11.784,12.088,12.411,12.756,13.118,13.495,13.889,14.299,14.718,15.146,15.581,16.025,16.478,16.939,17.406,17.881,18.368,18.867,19.377,19.89,20.405,20.932,21.476,22.034,22.601
"Malaysia",22.945,23.543,24.142,24.739,25.333,25.924,26.509,27.093,27.664,28.217,28.718,29.184,29.66,30.135,30.606,31.069,31.526,31.976,32.399,32.804,33.2,33.574,33.938,34.309,34.672,35.028,35.377
"Maldives",0.283,0.287,0.292,0.297,0.302,0.307,0.314,0.325,0.337,0.349,0.362,0.374,0.388,0.401,0.417,0.436,0.454,0.472,0.49,0.505,0.514,0.521,0.524,0.521,0.518,0.515,0.513
"Mali",11.239,11.584,11.953,12.342,12.752,13.181,13.624,14.081,14.551,15.033,15.529,16.04,16.515,17.004,17.552,18.113,18.7,19.311,19.934,20.567,21.224,21.905,22.594,23.294,24.016,24.759,25.518
"Malta",0.399,0.402,0.405,0.407,0.409,0.41,0.411,0.412,0.413,0.415,0.419,0.424,0.43,0.438,0.446,0.457,0.468,0.479,0.492,0.504,0.515,0.527,0.533,0.535,0.537,0.538,0.54
"Marshall Islands",0.054,0.054,0.054,0.054,0.054,0.054,0.054,0.054,0.054,0.054,0.053,0.053,0.052,0.051,0.05,0.049,0.048,0.047,0.046,0.045,0.043,0.042,0.042,0.042,0.042,0.043,0.043
"Mauritania",2.695,2.762,2.822,2.883,2.947,3.012,3.081,3.154,3.233,3.323,3.419,3.524,3.636,3.743,3.843,3.946,4.052,4.16,4.271,4.384,4.499,4.615,4.736,4.863,4.994,5.128,5.265
"Mauritius",1.216,1.225,1.234,1.242,1.25,1.258,1.265,1.271,1.276,1.28,1.283,1.286,1.289,1.291,1.292,1.293,1.294,1.295,1.295,1.296,1.298,1.299,1.299,1.301,1.302,1.303,1.304
"Mexico",97.873,99.394,100.917,102.429,103.946,105.442,106.887,108.303,109.684,111.049,112.532,114.15,115.756,117.291,118.756,120.15,121.519,122.839,124.014,125.085,125.998,126.705,127.504,128.456,129.388,130.301,131.194
"Micronesia (Federated States of)",0.112,0.112,0.112,0.112,0.111,0.111,0.11,0.11,0.109,0.108,0.108,0.108,0.108,0.109,0.109,0.109,0.11,0.11,0.111,0.111,0.112,0.113,0.114,0.115,0.116,0.117,0.118
"Moldova, Republic of",4.252,4.201,4.148,4.094,4.047,4.001,3.943,3.877,3.812,3.749,3.678,3.595,3.507,3.417,3.338,3.277,3.225,3.181,3.142,3.109,3.085,3.062,3.273,3.436,3.33,3.255,3.212
"Mongolia",2.451,2.473,2.495,2.516,2.538,2.559,2.581,2.606,2.634,2.667,2.703,2.744,2.792,2.845,2.903,2.965,3.03,3.096,3.164,3.232,3.294,3.348,3.398,3.447,3.494,3.538,3.58
"Montenegro",,,,,,,,,0.631,0.631,0.631,0.632,0.633,0.634,0.634,0.634,0.633,0.632,0.631,0.63,0.629,0.628,0.627,0.626,0.626,0.626,0.625
"Montserrat",0.005,0.005,0.005,0.005,0.005,0.005,0.005,0.005,0.005,0.005,0.005,0.005,0.005,0.005,0.005,0.005,0.005,0.005,0.004,0.005,0.004,0.004,0.004,0.004,0.004,0.004,0.004
"Morocco",28.554,28.93,29.302,29.661,30.033,30.432,30.833,31.233,31.635,32.043,32.465,32.904,33.352,33.804,34.249,34.68,35.107,35.528,35.928,36.304,36.689,37.077,37.458,37.84,38.211,38.571,38.92
"Mozambique",17.769,18.221,18.695,19.187,19.694,20.211,20.736,21.281,21.846,22.437,23.074,23.76,24.488,25.252,26.039,26.843,27.696,28.569,29.424,30.286,31.178,32.077,32.97,33.897,34.858,35.835,36.826
"Myanmar",45.538,46.015,46.48,46.924,47.338,47.724,48.088,48.446,48.729,49.016,49.391,49.795,50.218,50.648,51.072,51.484,51.892,52.288,52.666,53.04,53.423,53.798,54.179,54.578,54.965,55.337,55.696
"Namibia",1.819,1.856,1.889,1.915,1.939,1.963,1.987,2.011,2.039,2.068,2.099,2.132,2.167,2.205,2.243,2.283,2.323,2.365,2.406,2.447,2.489,2.53,2.567,2.604,2.646,2.69,2.734
"Nauru",0.01,0.01,0.01,0.01,0.01,0.01,0.01,0.01,0.01,0.01,0.01,0.01,0.01,0.011,0.011,0.011,0.011,0.012,0.012,0.012,0.012,0.013,0.013,0.013,0.013,0.013,0.013
"Nepal",24.559,24.956,25.332,25.683,26.004,26.285,26.519,26.714,26.882,27.027,27.162,27.266,27.331,27.382,27.462,27.61,27.861,28.183,28.507,28.832,29.349,30.035,30.548,30.897,31.24,31.577,31.907
"Netherlands (Kingdom of the)",15.899,15.982,16.057,16.128,16.196,16.262,16.326,16.391,16.461,16.536,16.617,16.701,16.785,16.867,16.954,17.041,17.125,17.207,17.286,17.363,17.435,17.502,17.564,17.618,17.671,17.722,17.772
"Netherlands Antilles",0.186,0.185,0.187,0.189,0.192,0.195,0.199,0.202,0.206,0.209,0.213,,,,,,,,,,,,,,,,
"New Caledonia",0.222,0.226,0.23,0.235,0.239,0.242,0.246,0.249,0.253,0.257,0.261,0.266,0.271,0.276,0.281,0.283,0.284,0.284,0.285,0.285,0.286,0.288,0.29,0.293,0.296,0.299,0.302
"New Zealand",3.855,3.89,3.949,4.02,4.081,4.133,4.18,4.221,4.26,4.303,4.346,4.381,4.41,4.451,4.514,4.591,4.668,4.746,4.839,4.959,5.061,5.13,5.185,5.228,5.27,5.311,5.35
"Nicaragua",5.123,5.193,5.259,5.323,5.386,5.455,5.53,5.607,5.688,5.771,5.856,5.943,6.031,6.119,6.209,6.299,6.389,6.481,6.572,6.664,6.756,6.851,6.948,7.046,7.143,7.237,7.331
"Niger",11.623,12.031,12.457,12.901,13.367,13.855,14.365,14.898,15.455,16.038,16.648,17.283,17.954,18.653,19.372,20.128,20.922,21.738,22.577,23.443,24.334,25.253,26.208,27.203,28.239,29.316,30.428
"Nigeria",122.852,126.153,129.583,133.12,136.757,140.491,144.33,148.294,152.383,156.596,160.953,165.464,170.076,174.726,179.379,183.996,188.667,193.496,198.388,203.304,208.327,213.401,218.541,223.805,229.152,234.574,240.054
"Niue",0.002,0.002,0.002,0.002,0.002,0.002,0.002,0.002,0.002,0.002,0.002,0.002,0.002,0.002,0.002,0.002,0.002,0.002,0.002,0.002,0.002,0.002,0.002,0.002,0.002,0.002,0.002
"North Macedonia",2.038,2.053,2.065,2.071,2.076,2.079,2.081,2.083,2.086,2.09,2.094,2.097,2.099,2.102,2.105,2.108,2.11,2.112,2.113,2.114,2.111,2.103,2.094,2.086,2.083,2.082,2.082
"Northern Mariana Islands",0.08,0.079,0.077,0.075,0.072,0.069,0.066,0.063,0.06,0.057,0.054,0.053,0.052,0.052,0.052,0.052,0.051,0.051,0.05,0.05,0.05,0.049,0.05,0.05,0.05,0.05,0.05
"Norway",4.491,4.514,4.538,4.565,4.592,4.624,4.661,4.71,4.769,4.829,4.89,4.954,5.019,5.081,5.138,5.19,5.237,5.277,5.312,5.348,5.38,5.403,5.434,5.474,5.514,5.554,5.594
"Oman",2.344,2.375,2.404,2.432,2.469,2.515,2.561,2.606,2.651,2.698,2.882,3.207,3.536,3.817,4.009,4.192,4.398,4.542,4.601,4.603,4.543,4.52,4.576,4.644,4.714,4.781,4.846
"Pacific Islands, Trust Territory",,,,,,,,,,,,,,,,,,,,,,,,,,,
"Pakistan",154.37,159.218,163.263,166.877,170.649,174.372,178.07,181.925,185.932,190.123,194.454,198.603,202.206,205.338,208.252,210.969,213.525,216.38,219.731,223.293,227.197,231.402,235.825,240.486,245.21,249.949,254.714
"Palau",0.02,0.02,0.02,0.02,0.02,0.02,0.02,0.019,0.019,0.019,0.019,0.018,0.018,0.018,0.018,0.018,0.018,0.018,0.018,0.018,0.018,0.018,0.018,0.018,0.018,0.018,0.018
"Panama",3.002,3.061,3.121,3.182,3.243,3.306,3.369,3.432,3.495,3.559,3.624,3.689,3.755,3.822,3.889,3.957,4.026,4.096,4.165,4.233,4.294,4.351,4.409,4.468,4.528,4.587,4.644
"Panama, excluding Canal Zone",,,,,,,,,,,,,,,,,,,,,,,,,,,
"Papua New Guinea",5.508,5.698,5.893,6.091,6.293,6.499,6.708,6.921,7.138,7.359,7.583,7.807,8.027,8.246,8.464,8.682,8.899,9.115,9.329,9.542,9.75,9.949,10.143,10.33,10.516,10.701,10.886
"Paraguay",5.124,5.212,5.287,5.353,5.416,5.477,5.535,5.59,5.645,5.703,5.769,5.844,5.923,6.006,6.091,6.178,6.267,6.355,6.443,6.53,6.619,6.704,6.781,6.862,6.947,7.031,7.114
"Peru",26.654,27.015,27.335,27.623,27.894,28.147,28.381,28.6,28.806,29.009,29.23,29.478,29.75,30.039,30.354,30.712,31.133,31.605,32.204,32.825,33.305,33.715,34.05,34.353,34.683,35.016,35.352
"Philippines",77.958,79.626,81.286,82.943,84.608,86.261,87.902,89.561,91.252,92.947,94.637,96.338,98.032,99.7,101.325,103.031,104.875,106.739,108.569,110.381,112.191,113.88,115.559,117.337,119.106,120.864,122.61
"Poland",38.504,38.663,38.647,38.622,38.596,38.576,38.547,38.522,38.523,38.555,38.597,38.621,38.626,38.607,38.582,38.553,38.532,38.533,38.521,38.494,38.428,38.308,39.857,41.026,40.222,39.617,39.243
"Portugal",10.301,10.372,10.431,10.473,10.502,10.523,10.544,10.566,10.581,10.591,10.588,10.565,10.522,10.465,10.408,10.365,10.333,10.308,10.29,10.29,10.298,10.29,10.271,10.248,10.223,10.198,10.172
"Qatar",0.646,0.679,0.713,0.749,0.778,0.849,1.015,1.232,1.444,1.61,1.714,1.804,1.906,2.036,2.214,2.415,2.595,2.712,2.767,2.807,2.76,2.688,2.695,2.716,2.737,2.757,2.777
"Romania",21.92,21.798,21.654,21.481,21.289,21.092,20.909,20.744,20.598,20.466,20.335,20.22,20.137,20.067,19.996,19.906,19.798,19.699,19.607,19.524,19.442,19.329,19.659,19.893,19.619,19.424,19.292
"Russian Federation",146.845,146.236,145.59,144.947,144.354,143.8,143.339,143.118,143.087,143.164,143.243,143.365,143.629,143.957,144.285,144.668,145.109,145.453,145.652,145.742,145.617,145.103,144.713,144.444,143.957,143.494,143.065
"Rwanda",8.11,8.224,8.372,8.568,8.792,9.026,9.27,9.523,9.782,10.044,10.309,10.577,10.84,11.101,11.368,11.643,11.931,12.23,12.532,12.835,13.146,13.462,13.777,14.095,14.415,14.737,15.062
"Saint Barthélemy",0.007,0.007,0.007,0.008,0.008,0.008,0.008,0.008,0.009,0.009,0.009,0.009,0.009,0.009,0.009,0.01,0.01,0.01,0.01,0.01,0.011,0.011,0.011,0.011,0.011,0.011,0.011
"Saint Helena",0.006,0.006,0.006,0.006,0.006,0.006,0.005,0.005,0.005,0.005,0.005,0.005,0.005,0.005,0.005,0.005,0.006,0.005,0.005,0.005,0.005,0.005,0.005,0.005,0.005,0.005,0.005
"Saint Kitts and Nevis",0.045,0.046,0.046,0.046,0.047,0.047,0.047,0.047,0.047,0.047,0.047,0.048,0.048,0.048,0.048,0.048,0.048,0.048,0.048,0.048,0.048,0.048,0.048,0.048,0.048,0.048,0.048
"Saint Lucia",0.16,0.161,0.162,0.163,0.164,0.165,0.166,0.168,0.169,0.17,0.171,0.172,0.173,0.174,0.175,0.176,0.176,0.177,0.178,0.179,0.179,0.18,0.18,0.18,0.181,0.181,0.182
"Saint Martin (French part)",0.03,0.03,0.031,0.032,0.033,0.033,0.034,0.035,0.036,0.036,0.036,0.036,0.036,0.036,0.035,0.035,0.035,0.034,0.034,0.033,0.033,0.032,0.032,0.032,0.032,0.033,0.033
"Saint Pierre and Miquelon",0.006,0.006,0.006,0.006,0.006,0.006,0.006,0.006,0.006,0.006,0.006,0.006,0.006,0.006,0.006,0.006,0.006,0.006,0.006,0.006,0.006,0.006,0.006,0.006,0.006,0.006,0.006
"Saint Vincent and the Grenadines",0.114,0.114,0.113,0.113,0.113,0.112,0.111,0.111,0.11,0.11,0.109,0.109,0.108,0.107,0.107,0.106,0.106,0.106,0.105,0.105,0.105,0.104,0.104,0.104,0.104,0.104,0.104
"Samoa",0.184,0.186,0.187,0.187,0.188,0.189,0.189,0.19,0.192,0.193,0.195,0.196,0.198,0.2,0.202,0.204,0.206,0.208,0.21,0.212,0.215,0.219,0.222,0.226,0.229,0.232,0.235
"San Marino",0.027,0.027,0.028,0.029,0.029,0.03,0.03,0.03,0.031,0.031,0.032,0.032,0.033,0.033,0.033,0.034,0.034,0.034,0.034,0.034,0.034,0.034,0.034,0.034,0.034,0.034,0.034
"Sao Tome and Principe",0.144,0.146,0.15,0.154,0.158,0.162,0.166,0.17,0.174,0.178,0.182,0.186,0.19,0.194,0.197,0.201,0.205,0.208,0.211,0.215,0.219,0.223,0.227,0.232,0.236,0.241,0.246
"Saudi Arabia",21.547,22.086,22.623,23.151,23.662,24.398,25.383,26.4,27.437,28.484,29.412,30.151,30.822,31.482,32.126,32.75,33.416,34.193,35.018,35.827,35.997,35.95,36.409,36.947,37.474,37.99,38.495
"Senegal",9.704,9.938,10.181,10.435,10.699,10.974,11.263,11.564,11.873,12.195,12.53,12.876,13.232,13.596,13.97,14.356,14.751,15.158,15.575,16.001,16.436,16.877,17.316,17.763,18.222,18.688,19.161
"Serbia",,,,,,,,,9.526,9.486,9.446,9.42,9.403,9.372,9.322,9.279,9.244,9.197,9.144,9.088,9.029,8.959,8.881,8.813,8.765,8.728,8.69
"Serbia and Montenegro",10.392,10.391,10.384,10.359,10.328,10.289,10.245,10.2,,,,,,,,,,,,,,,,,,,
"Seychelles",0.08,0.081,0.082,0.084,0.085,0.086,0.087,0.088,0.09,0.091,0.092,0.094,0.095,0.097,0.098,0.099,0.101,0.102,0.103,0.104,0.106,0.106,0.107,0.108,0.108,0.109,0.109
"Sierra Leone",4.584,4.857,5.14,5.351,5.533,5.683,5.81,5.939,6.091,6.26,6.437,6.612,6.789,6.965,7.141,7.315,7.494,7.678,7.861,8.047,8.234,8.421,8.606,8.791,8.978,9.165,9.353
"Singapore",4.054,4.121,4.177,4.226,4.27,4.345,4.487,4.663,4.838,5.011,5.164,5.281,5.381,5.478,5.571,5.65,5.712,5.764,5.815,5.866,5.91,5.941,5.976,6.015,6.053,6.09,6.125
"Sint Maarten (Dutch part)",,,,,,,,,,,,0.033,0.035,0.038,0.039,0.04,0.041,0.042,0.042,0.043,0.044,0.044,0.044,0.044,0.044,0.044,0.045
"Slovakia",5.377,5.376,5.375,5.374,5.375,5.376,5.377,5.378,5.382,5.389,5.396,5.403,5.409,5.415,5.42,5.424,5.431,5.439,5.447,5.454,5.457,5.448,5.643,5.795,5.703,5.635,5.596
"Slovenia",1.984,1.982,1.984,1.989,1.997,2.005,2.014,2.023,2.034,2.046,2.057,2.065,2.069,2.072,2.075,2.081,2.09,2.098,2.106,2.113,2.118,2.119,2.12,2.12,2.119,2.118,2.116
"Solomon Islands",0.43,0.44,0.451,0.461,0.472,0.482,0.493,0.505,0.516,0.528,0.54,0.554,0.568,0.582,0.597,0.613,0.628,0.644,0.659,0.675,0.691,0.708,0.724,0.74,0.757,0.773,0.789
"Somalia",8.721,9.071,9.411,9.758,10.117,10.467,10.785,11.118,11.445,11.73,12.027,12.217,12.44,12.852,13.309,13.764,14.293,14.864,15.411,15.981,16.537,17.066,17.598,18.143,18.707,19.282,19.867
"South Africa",46.813,47.23,47.662,48.104,48.556,49.017,49.492,49.996,50.566,51.171,51.785,52.443,53.145,53.874,54.73,55.877,56.422,56.641,57.34,58.087,58.802,59.392,59.894,60.414,61.02,61.673,62.305
"South Sudan",,,,,,,,,,,,,10.702,11.106,11.213,11.194,11.066,10.658,10.395,10.448,10.606,10.748,10.913,11.089,11.277,11.473,11.677
"Spain",40.742,40.966,41.478,42.23,42.96,43.685,44.423,45.246,45.967,46.368,46.573,46.729,46.756,46.603,46.465,46.431,46.473,46.584,46.792,47.131,47.364,47.487,47.559,47.52,47.473,47.42,47.361
"Sri Lanka",18.776,18.92,19.111,19.303,19.49,19.674,19.871,20.079,20.286,20.482,20.669,20.86,21.017,21.132,21.239,21.337,21.425,21.507,21.581,21.65,21.715,21.773,21.832,21.894,21.949,22,22.046
"State of Palestine",3.14,3.23,3.309,3.384,3.46,3.541,3.628,3.718,3.809,3.899,3.992,4.088,4.184,4.282,4.38,4.485,4.594,4.701,4.806,4.91,5.019,5.133,5.25,5.371,5.495,5.621,5.747
"Sudan",,,,,,,,,,,,,35.16,35.991,37.003,38.171,39.377,40.68,41.999,43.232,44.44,45.657,46.874,48.109,49.358,50.615,51.879
"Sudan (...2011)",32.413,33.342,34.256,35.181,36.149,37.203,38.362,39.609,40.889,42.177,43.454,44.663,,,,,,,,,,,,,,,
"Suriname",0.479,0.487,0.496,0.504,0.511,0.516,0.522,0.528,0.534,0.54,0.546,0.552,0.558,0.564,0.57,0.575,0.581,0.588,0.594,0.6,0.607,0.613,0.618,0.623,0.629,0.634,0.64
"Sweden",8.871,8.897,8.926,8.962,9.004,9.052,9.105,9.164,9.229,9.301,9.382,9.467,9.556,9.649,9.748,9.849,9.953,10.058,10.162,10.268,10.369,10.467,10.549,10.612,10.674,10.734,10.792
"Switzerland, Liechtenstein",7.215,7.258,7.31,7.365,7.415,7.463,7.51,7.577,7.674,7.77,7.858,7.947,8.032,8.125,8.225,8.319,8.411,8.49,8.553,8.614,8.677,8.73,8.78,8.836,8.891,8.945,8.996
"Liechtenstein",0.033,0.033,0.034,0.034,0.034,0.035,0.035,0.035,0.035,0.036,0.036,0.036,0.037,0.037,0.037,0.037,0.038,0.038,0.038,0.038,0.039,0.039,0.039,0.04,0.04,0.04,0.04
"Switzerland",7.182,7.224,7.276,7.331,7.381,7.428,7.475,7.542,7.638,7.734,7.822,7.911,7.996,8.088,8.188,8.282,8.373,8.452,8.514,8.576,8.639,8.691,8.74,8.797,8.851,8.905,8.956
"Syrian Arab Republic",16.308,16.728,17.164,17.611,18.084,18.584,19.432,20.703,21.474,21.827,22.338,22.731,22.606,21.496,20.072,19.205,18.964,18.983,19.333,20.098,20.773,21.324,22.125,23.227,24.348,25.427,26.436
"Tajikistan",6.273,6.409,6.542,6.672,6.801,6.929,7.057,7.188,7.325,7.469,7.622,7.785,7.956,8.137,8.326,8.524,8.725,8.926,9.128,9.337,9.543,9.75,9.953,10.144,10.332,10.517,10.7
"Tanzania, United Republic of",34.464,35.414,36.354,37.334,38.361,39.44,40.562,41.716,42.871,43.958,45.111,46.416,47.786,49.254,50.815,52.543,54.402,56.267,58.09,59.873,61.705,63.588,65.498,67.438,69.419,71.428,73.462
"Thailand",63.067,63.65,64.223,64.777,65.311,65.821,66.32,66.827,67.328,67.814,68.27,68.713,69.157,69.579,69.961,70.294,70.607,70.898,71.128,71.308,71.476,71.601,71.697,71.801,71.886,71.953,72.006
"Timor-Leste",,,,0.927,0.946,0.969,0.995,1.019,1.043,1.066,1.088,1.113,1.138,1.162,1.185,1.206,1.225,1.243,1.262,1.28,1.3,1.321,1.341,1.361,1.38,1.399,1.419
"Togo",5.008,5.145,5.282,5.421,5.565,5.712,5.874,6.048,6.222,6.399,6.572,6.749,6.927,7.106,7.288,7.473,7.661,7.853,8.047,8.243,8.443,8.645,8.849,9.054,9.261,9.47,9.682
"Tokelau",0.002,0.002,0.002,0.002,0.002,0.001,0.001,0.001,0.001,0.001,0.001,0.001,0.001,0.002,0.001,0.001,0.001,0.001,0.002,0.002,0.002,0.002,0.002,0.002,0.002,0.002,0.002
"Tonga",0.103,0.103,0.104,0.104,0.105,0.106,0.106,0.107,0.107,0.107,0.107,0.108,0.108,0.107,0.107,0.106,0.106,0.105,0.105,0.105,0.105,0.106,0.107,0.108,0.109,0.11,0.111
"Trinidad and Tobago",1.332,1.339,1.346,1.354,1.361,1.369,1.377,1.385,1.393,1.401,1.41,1.42,1.43,1.441,1.451,1.46,1.469,1.479,1.505,1.52,1.518,1.526,1.531,1.535,1.538,1.541,1.543
"Tunisia",9.893,9.995,10.095,10.194,10.292,10.388,10.484,10.58,10.68,10.785,10.895,11.033,11.174,11.3,11.429,11.558,11.686,11.811,11.933,12.049,12.162,12.263,12.356,12.458,12.565,12.666,12.762
"Turkey",64.114,65.072,65.989,66.867,67.785,68.705,69.601,70.469,71.321,72.226,73.195,74.174,75.277,76.576,78.112,79.646,81.019,82.09,82.809,83.482,84.135,84.775,85.341,85.816,86.26,86.696,87.132
"Turkmenistan",4.569,4.635,4.699,4.759,4.82,4.886,4.954,5.025,5.1,5.181,5.268,5.361,5.459,5.56,5.663,5.766,5.869,5.968,6.065,6.158,6.25,6.342,6.431,6.516,6.598,6.677,6.753
"Turks and Caicos Islands",0.019,0.02,0.021,0.022,0.023,0.024,0.025,0.026,0.027,0.029,0.03,0.031,0.032,0.034,0.035,0.037,0.038,0.04,0.041,0.043,0.044,0.045,0.046,0.046,0.046,0.047,0.047
"Tuvalu",0.01,0.01,0.01,0.01,0.01,0.01,0.01,0.01,0.01,0.01,0.011,0.011,0.011,0.011,0.011,0.011,0.011,0.011,0.011,0.011,0.011,0.011,0.011,0.011,0.011,0.012,0.012
"Uganda",24.021,24.763,25.545,26.355,27.146,27.947,28.773,29.63,30.51,31.413,32.342,33.296,34.273,35.274,36.337,37.477,38.748,40.127,41.515,42.949,44.405,45.854,47.25,48.582,49.924,51.285,52.668
"Ukraine",48.88,48.415,47.977,47.606,47.262,46.913,46.593,46.313,46.063,45.864,45.683,45.516,45.406,45.307,45.148,44.983,44.834,44.657,44.447,44.211,43.91,43.531,39.702,36.745,37.938,38.759,39.093
"Union of Soviet Socialist Republics",,,,,,,,,,,,,,,,,,,,,,,,,,,
"United Arab Emirates",3.275,3.454,3.634,3.813,3.993,4.281,4.899,5.873,6.989,7.993,8.482,8.575,8.665,8.752,8.836,8.917,8.994,9.068,9.14,9.212,9.287,9.365,9.441,9.517,9.592,9.665,9.737
"United Kingdom",59.071,59.314,59.58,59.876,60.224,60.614,61.036,61.495,61.979,62.482,63.001,63.529,64.052,64.546,65.018,65.47,65.902,66.314,66.684,67.032,67.315,67.538,67.768,67.997,68.223,68.444,68.658
"Channel Islands",0.145,0.146,0.147,0.148,0.15,0.151,0.152,0.153,0.154,0.156,0.157,0.158,0.159,0.16,0.161,0.162,0.164,0.165,0.167,0.169,0.171,0.173,0.174,0.175,0.177,0.178,0.179
"Isle of Man",0.076,0.076,0.077,0.078,0.079,0.079,0.08,0.081,0.082,0.083,0.084,0.084,0.084,0.084,0.084,0.084,0.083,0.084,0.084,0.084,0.084,0.084,0.085,0.085,0.085,0.085,0.085
"United Kingdom excl. Channel Islands and Isle of Man",58.85,59.092,59.356,59.65,59.996,60.384,60.804,61.261,61.742,62.243,62.76,63.286,63.809,64.302,64.774,65.224,65.655,66.065,66.433,66.779,67.059,67.281,67.509,67.737,67.961,68.181,68.394
"United States of America",286.334,289.411,292.289,295.043,297.872,300.755,303.651,306.625,309.559,312.357,315.007,317.674,320.414,323.094,325.697,328.208,330.745,333.259,335.561,337.713,339.314,340.354,341.642,343.356,345.181,346.976,348.741
"United States of America including Puerto Rico",286.226,289.303,292.181,294.935,297.765,300.648,303.545,306.519,309.453,312.251,314.901,317.568,320.309,322.99,325.594,328.105,330.643,333.158,335.459,337.613,339.214,340.254,341.542,343.257,345.083,346.879,348.644
"Puerto Rico",3.827,3.832,3.831,3.826,3.817,3.806,3.792,3.775,3.758,3.739,3.718,3.692,3.658,3.615,3.56,3.497,3.433,3.366,3.319,3.293,3.272,3.256,3.252,3.26,3.269,3.275,3.279
"United States of America excluding Puerto Rico and United States Virgin Islands",282.399,285.47,288.35,291.11,293.948,296.843,299.753,302.743,305.695,308.512,311.183,313.877,316.651,319.375,322.034,324.608,327.21,329.791,332.14,334.32,335.942,336.998,338.29,339.997,341.814,343.603,345.365
"United States Virgin Islands",0.108,0.108,0.108,0.107,0.107,0.106,0.107,0.107,0.106,0.106,0.106,0.105,0.105,0.104,0.103,0.103,0.102,0.102,0.101,0.101,0.1,0.1,0.099,0.099,0.098,0.097,0.097
"Uruguay",3.292,3.301,3.306,3.31,3.314,3.318,3.322,3.329,3.336,3.344,3.353,3.362,3.371,3.381,3.392,3.403,3.414,3.422,3.427,3.428,3.429,3.426,3.423,3.423,3.423,3.423,3.424
"Uzbekistan",24.926,25.248,25.579,25.906,26.235,26.573,26.927,27.31,27.727,28.168,28.614,29.057,29.503,29.963,30.447,30.949,31.454,31.946,32.45,32.977,33.527,34.081,34.628,35.164,35.674,36.159,36.622
"Vanuatu",0.192,0.197,0.202,0.207,0.212,0.218,0.223,0.228,0.234,0.24,0.245,0.251,0.257,0.264,0.27,0.276,0.283,0.29,0.297,0.304,0.312,0.319,0.327,0.335,0.342,0.35,0.358
"Venezuela (Bolivarian Rep. of)",24.428,24.88,25.331,25.782,26.227,26.669,27.102,27.525,27.934,28.328,28.715,29.096,29.47,29.838,30.193,30.53,30.741,30.563,29.826,28.972,28.49,28.2,28.302,28.838,29.395,29.926,30.419
"Viet Nam",79.001,79.818,80.642,81.476,82.311,83.142,83.952,84.762,85.597,86.483,87.411,88.349,89.301,90.268,91.236,92.191,93.127,94.033,94.914,95.777,96.649,97.468,98.187,98.859,99.498,100.104,100.68
"Wallis and Futuna Islands",0.015,0.015,0.015,0.015,0.015,0.015,0.014,0.014,0.014,0.013,0.013,0.013,0.013,0.012,0.012,0.012,0.012,0.012,0.012,0.012,0.012,0.012,0.012,0.012,0.011,0.011,0.011
"Western Sahara",0.27,0.284,0.297,0.311,0.325,0.339,0.354,0.368,0.383,0.398,0.413,0.429,0.446,0.463,0.478,0.492,0.505,0.519,0.532,0.545,0.556,0.566,0.576,0.587,0.598,0.609,0.62
"Yemen",18.629,19.143,19.661,20.189,20.733,21.321,21.966,22.642,23.329,24.03,24.744,25.476,26.223,26.984,27.753,28.517,29.274,30.034,30.791,31.547,32.284,32.982,33.697,34.45,35.22,36,36.782
"Yemen, Democratic",,,,,,,,,,,,,,,,,,,,,,,,,,,
"Yugoslavia, Soc. Fed. Rep. of",,,,,,,,,,,,,,,,,,,,,,,,,,,
"Zambia",9.891,10.192,10.508,10.838,11.188,11.565,11.972,12.402,12.853,13.318,13.792,14.266,14.745,15.235,15.738,16.248,16.768,17.298,17.836,18.38,18.928,19.473,20.018,20.57,21.135,21.707,22.286
"Zimbabwe",11.835,11.911,11.985,12.076,12.161,12.225,12.33,12.451,12.55,12.68,12.84,13.026,13.265,13.555,13.856,14.155,14.453,14.751,15.052,15.355,15.67,15.994,16.321,16.665,17.02,17.375,17.732
