"Region/country/area,""Technology"",""2000"",""2001"",""2002"",""2003"",""2004"",""2005"",""2006"",""2007"",""2008"",""2009"",""2010"",""2011"",""2012"",""2013"",""2014"",""2015"",""2016"",""2017"",""2018"",""2019"",""2020"",""2021"""
"World,""Total renewable energy"",2842476.646,2788028.950,2886103.528,2910436.309,3125466.721,3287900.661,3440403.852,3543831.267,3765424.515,3901169.229,4197302.779,4403929.047,4756100.346,5039245.498,5315183.478,5516328.579,5884328.360,6225317.961,6627718.734,6994720.276,7455905.333,7857802.526"
"World,""Hydropower"",2702277.793,2640907.670,2711006.473,2711700.950,2889524.707,3009534.014,3120388.597,3160551.894,3303153.994,3351961.553,3534165.407,3587790.170,3773510.575,3874569.789,3986971.228,3985835.359,4147089.754,4185463.094,4306776.270,4352825.868,4477721.630,4400679.013"
"World,""Renewable hydropower"",2614785.880,2553838.393,2622359.841,2623022.215,2799056.636,2916147.337,3026748.871,3064103.244,3211170.819,3262521.407,3438760.264,3497375.840,3684459.272,3785581.724,3894735.483,3891841.004,4032714.739,4064483.476,4189346.361,4238697.906,4357351.497,4275374.687"
"World,""Pumped storage"",87491.913,87069.277,88646.632,88678.735,90468.071,93386.677,93639.726,96448.650,91983.175,89440.146,95405.143,90414.330,89051.303,88988.065,92235.745,93994.355,114375.015,120979.618,117429.909,114127.962,120370.133,125304.326"
"World,""Marine"",545.889,523.515,533.015,529.950,507.758,515.477,489.847,495.142,486.969,486.247,514.686,565.086,963.602,925.115,998.283,1007.104,1042.921,1048.023,1021.241,995.175,983.975,970.024"
"World,""Wind"",30925.915,37722.402,52403.129,63376.345,84080.516,103210.101,129505.057,168880.094,216820.916,272029.307,342843.331,433796.205,526036.617,636786.154,712113.836,828168.461,952964.973,1131831.003,1258795.590,1412376.716,1588477.108,1838263.605"
"World,""Onshore wind energy"",30809.031,37566.417,51961.716,62534.366,82848.113,101770.418,127824.619,166587.905,213494.822,267656.009,335328.609,422203.772,511502.112,616269.320,687455.589,791920.194,911340.760,1074950.354,1190508.725,1327739.230,1484406.626,1700649.956"
"World,""Offshore wind energy"",116.884,155.985,441.413,841.979,1232.403,1439.683,1680.438,2292.189,3326.094,4373.298,7514.722,11592.433,14534.505,20516.834,24658.247,36248.267,41624.213,56880.649,68286.865,84637.486,104070.482,137613.649"
"World,""Solar"",1330.941,1701.675,1977.196,2397.899,3075.719,4405.230,6018.294,8110.817,12784.052,21000.123,33796.373,65757.967,101978.689,137891.201,193241.022,253223.594,325611.379,437945.142,562505.340,693552.047,842411.926,1033925.911"
"World,""Solar photovoltaic"",804.941,1136.675,1408.196,1848.899,2487.719,3808.230,5467.294,7425.807,11884.905,20077.123,32143.097,62561.003,96508.882,131716.238,184112.963,243038.856,314480.177,425960.570,550458.288,679386.506,829252.966,1020297.378"
"World,""Concentrated solar power"",526.000,565.000,569.000,549.000,588.000,597.000,551.000,685.010,899.147,923.000,1653.276,3196.964,5469.807,6174.963,9128.059,10184.738,11131.202,11984.572,12047.052,14165.541,13158.960,13628.533"
"World,""Bioenergy"",142316.986,142598.325,156263.323,167379.566,182756.181,205213.464,217940.834,239573.103,258899.543,277842.370,312951.928,336638.430,371785.414,405653.324,436751.221,460859.567,488730.036,504021.263,526585.658,557118.673,572035.610,614017.268"
"World,""Solid biofuels and renewable municipal waste"",128803.784,127592.364,138503.982,147283.207,161412.571,181594.001,190278.194,206710.533,220786.525,232877.076,260951.138,278640.969,302720.009,326912.711,350606.410,369005.874,395072.256,409065.045,429013.087,457340.933,471268.267,515320.723"
"World,""Renewable municipal waste"",18793.102,19568.104,20204.616,21229.431,22979.801,25233.501,26759.223,28508.271,29231.830,29011.865,39843.506,40685.201,41052.020,43947.261,46804.679,50160.520,52800.608,57619.756,62578.053,68523.206,76148.400,86203.943"
"World,""Bagasse"",13763.311,15638.508,17371.097,19037.926,19792.030,23267.696,23125.269,26718.261,26357.529,26217.188,35535.142,34999.531,39604.132,46037.334,49312.662,52309.388,55173.952,55574.112,56798.992,58650.753,60584.402,56651.374"
"World,""Other solid biofuels"",96124.420,92255.828,100809.395,106870.996,118229.461,132435.119,139645.575,150635.730,164239.952,176436.999,184110.536,201184.751,219599.130,235294.900,252470.443,264512.979,285066.763,293889.505,307899.361,328470.228,332588.228,370968.992"
"World,""Liquid biofuels"",0.405,15.510,956.024,741.720,914.156,1981.892,3095.393,1692.206,2209.829,4224.901,5593.115,4067.296,4341.458,5094.135,6380.730,7790.949,7315.671,6778.972,7232.498,8294.500,7907.400,7009.017"
"World,""Biogas"",13512.797,14990.451,16803.317,19354.639,20429.454,21637.571,24567.247,31170.364,35903.189,40740.393,46407.675,53930.165,64723.947,73646.478,79764.081,84062.744,86342.109,88177.246,90340.073,91483.240,92859.943,91687.528"
"World,""Geothermal"",52571.035,51644.640,52567.024,53730.334,55989.911,58409.052,59700.949,62668.867,65262.216,67289.775,68436.197,69795.519,70876.752,72407.980,77343.633,81228.849,83264.312,85989.054,89464.544,91979.759,94645.217,95251.031"
"Asia,""Total renewable energy"",560611.013,616100.046,625934.240,645636.267,733911.642,787299.233,871432.216,930018.715,1060225.615,1105152.763,1268375.195,1317208.705,1560563.594,1684401.242,1910787.192,2038587.264,2230013.246,2430406.495,2648726.331,2877090.743,3095750.575,3418454.153"
"Asia,""Hydropower"",537181.401,592109.847,597034.429,613028.928,696966.511,741532.104,819320.891,867987.618,977307.260,998563.767,1132487.900,1138691.775,1328889.585,1389577.673,1550939.874,1606567.684,1686096.709,1731145.493,1775331.300,1847348.374,1923623.034,1917753.758"
"Asia,""Renewable hydropower"",513943.051,568908.897,575838.079,593131.378,676260.161,719174.744,796548.921,841173.076,953477.540,973947.447,1102811.300,1109185.575,1299991.985,1360158.873,1520032.274,1573827.484,1635905.509,1677416.293,1721622.100,1794974.174,1868803.834,1855705.558"
"Asia,""Pumped storage"",23238.350,23200.950,21196.350,19897.550,20706.350,22357.360,22771.970,26814.542,23829.720,24616.320,29676.600,29506.200,28897.600,29418.800,30907.600,32740.200,50191.200,53729.200,53709.200,52374.200,54819.200,62048.200"
"Asia,""Marine"",6.500,6.500,6.500,6.500,6.500,6.500,6.500,6.500,6.500,6.500,7.539,58.807,472.424,490.501,498.505,502.506,502.506,495.506,491.506,480.506,463.506,461.506"
"Asia,""Wind"",2064.272,2566.321,3528.429,4474.976,6639.804,9153.797,12412.973,18579.630,27281.733,44688.524,71245.114,98491.262,133585.683,172145.242,196754.285,228933.427,291506.179,368255.122,440338.328,491470.863,554832.120,747547.721"
"Asia,""Onshore wind energy"",2064.272,2566.321,3528.429,4472.876,6637.704,9151.697,12410.873,18557.994,27260.094,44666.802,71035.336,98122.373,133044.500,171257.533,195882.013,227801.067,288690.533,362686.621,430702.543,479193.387,539040.019,693396.847"
"Asia,""Offshore wind energy"",0.000,0.000,0.000,2.100,2.100,2.100,2.100,21.636,21.639,21.722,209.778,368.889,541.183,887.709,872.272,1132.360,2815.646,5568.501,9635.785,12277.476,15792.101,54150.874"
"Asia,""Solar"",401.799,607.883,734.636,967.796,1246.065,1610.439,1985.787,2353.014,2874.633,3768.403,5323.302,8467.187,14120.299,27131.352,55764.184,89425.402,136333.577,208340.476,292376.516,369930.700,441714.531,549775.735"
"Asia,""Solar photovoltaic"",401.799,607.883,734.636,967.796,1246.065,1610.439,1985.787,2353.014,2874.633,3768.403,5322.802,8462.185,14108.245,27040.458,55391.041,89056.120,135964.295,207971.194,292007.234,369555.941,441334.294,549394.622"
"Asia,""Concentrated solar power"",0.000,0.000,0.000,0.000,0.000,0.000,0.000,0.000,0.000,0.000,0.500,5.002,12.054,90.894,373.143,369.282,369.282,369.282,369.282,374.759,380.237,381.113"
"Asia,""Bioenergy"",23827.891,24077.445,25741.163,27736.063,29714.802,37526.360,40178.536,47532.467,54708.629,60142.132,66928.648,78875.844,89976.843,102708.926,114626.901,122066.901,141393.182,150262.971,166774.586,192451.946,200480.169,235230.211"
"Asia,""Solid biofuels and renewable municipal waste"",23790.611,24037.657,25642.375,27608.275,29461.014,37290.075,39887.901,47019.059,54086.736,59467.830,65654.671,77339.124,88222.595,100551.671,111008.845,117041.863,135886.085,144552.869,157948.533,181910.649,190381.980,224332.008"
"Asia,""Renewable municipal waste"",2146.279,2402.279,2624.279,2817.279,2948.279,3013.705,3030.247,3133.223,3095.534,2892.664,12230.771,12794.144,12605.522,15038.487,16799.311,19308.660,21251.048,25402.224,29508.857,36622.644,43827.774,52759.913"
"Asia,""Bagasse"",2059.586,2033.772,2187.386,2271.650,2344.334,2214.712,2203.231,2421.878,2635.294,2289.641,2282.372,2503.609,2769.338,3059.155,2978.684,3393.759,4220.762,5030.088,4971.393,4742.118,4886.124,5066.208"
"Asia,""Other solid biofuels"",19584.746,19601.606,20830.710,22519.346,24168.401,32061.658,34654.423,41463.958,48355.908,54285.525,51141.528,62041.371,72847.735,82454.029,91230.850,94339.444,110414.275,114120.557,123468.283,140545.887,141668.082,166505.887"
"Asia,""Liquid biofuels"",0.000,0.000,0.000,0.000,0.000,0.000,0.000,0.000,0.000,0.000,0.000,0.000,0.000,0.000,537.000,1233.000,1455.000,1242.000,1610.000,2295.000,1918.000,1444.000"
"Asia,""Biogas"",37.280,39.788,98.788,127.788,253.788,236.285,290.635,513.408,621.893,674.302,1273.977,1536.720,1754.248,2157.255,3081.056,3792.038,4052.097,4468.102,7216.053,8246.297,8180.189,9454.203"
"Asia,""Geothermal"",20367.500,19933.000,20085.433,19319.554,20044.310,19827.393,20299.499,20374.028,21876.580,22599.757,22059.292,22130.030,22416.360,21766.348,23111.043,23831.544,24372.293,25636.127,27123.295,27782.554,29456.415,29733.422"
"Central America and the Caribbean,""Total renewable energy"",21577.862,19794.126,21287.952,22037.469,24741.367,25905.262,26376.316,26756.620,28611.824,27853.137,30898.940,30881.758,34444.284,35696.094,35788.098,39029.043,41705.737,46722.223,48911.181,46051.611,50912.828,56354.998"
"Central America and the Caribbean,""Hydropower"",17123.007,15154.180,16306.899,17046.944,19553.614,20636.220,20780.476,20289.922,22190.720,21038.648,23274.914,23077.206,24802.954,24370.507,23382.928,23813.487,24705.110,29816.182,29369.646,23232.600,28918.570,31835.221"
"Central America and the Caribbean,""Renewable hydropower"",17123.007,15154.180,16306.899,17046.944,19553.614,20636.220,20780.476,20289.922,22190.720,21038.648,23274.914,23077.206,24802.954,24370.507,23382.928,23813.487,24705.110,29816.182,29349.857,23223.577,28908.667,31818.676"
"Central America and the Caribbean,""Pumped storage"",0.000,0.000,0.000,0.000,0.000,0.000,0.000,0.000,0.000,0.000,0.000,0.000,0.000,0.000,0.000,0.000,0.000,0.000,19.789,9.023,9.903,16.545"
"Central America and the Caribbean,""Marine"",0.000,0.000,0.000,0.000,0.000,0.000,0.000,0.000,0.000,0.000,0.000,0.000,0.000,0.000,0.000,0.000,0.000,0.000,0.000,0.000,0.000,0.000"
"Central America and the Caribbean,""Wind"",199.427,273.712,360.187,335.065,392.592,350.852,436.716,410.520,370.891,634.882,812.144,1124.672,1739.183,2300.763,3100.231,4219.683,4399.084,4453.823,5859.130,6167.573,5667.437,6165.662"
"Central America and the Caribbean,""Onshore wind energy"",199.427,273.712,360.187,335.065,392.592,350.852,436.716,410.520,370.891,634.882,812.144,1124.672,1739.183,2300.763,3100.231,4219.683,4399.084,4453.823,5859.130,6167.573,5667.437,6165.662"
"Central America and the Caribbean,""Offshore wind energy"",0.000,0.000,0.000,0.000,0.000,0.000,0.000,0.000,0.000,0.000,0.000,0.000,0.000,0.000,0.000,0.000,0.000,0.000,0.000,0.000,0.000,0.000"
"Central America and the Caribbean,""Solar"",3.725,5.087,5.945,6.994,8.174,9.439,14.075,17.261,21.984,32.299,58.523,112.021,253.295,329.842,439.719,1218.916,1901.446,2346.687,2854.767,3936.104,4695.627,6128.102"
"Central America and the Caribbean,""Solar photovoltaic"",3.725,5.087,5.945,6.994,8.174,9.439,14.075,17.261,21.984,32.299,58.523,112.021,253.295,329.842,439.719,1218.916,1901.446,2346.687,2854.767,3936.104,4695.627,6128.102"
"Central America and the Caribbean,""Concentrated solar power"",0.000,0.000,0.000,0.000,0.000,0.000,0.000,0.000,0.000,0.000,0.000,0.000,0.000,0.000,0.000,0.000,0.000,0.000,0.000,0.000,0.000,0.000"
"Central America and the Caribbean,""Bioenergy"",2170.263,2023.102,2181.390,2034.746,2162.934,2255.857,2326.529,2847.557,2694.790,2811.526,3476.083,3188.164,3891.365,4645.612,4785.464,5849.539,6682.810,6209.895,6878.568,8292.122,6931.651,7650.495"
"Central America and the Caribbean,""Solid biofuels and renewable municipal waste"",2170.263,2023.102,2181.390,2034.746,2162.934,2255.850,2291.830,2812.683,2659.916,2776.590,3440.994,3151.960,3859.229,4599.850,4735.753,5771.902,6599.769,6094.679,6747.934,8143.187,6763.549,7397.784"
"Central America and the Caribbean,""Renewable municipal waste"",0.000,0.000,14.500,14.500,14.500,14.500,29.800,31.500,31.000,31.000,24.000,14.500,19.100,15.600,22.500,26.700,32.100,11.800,12.700,18.800,4.450,4.450"
"Central America and the Caribbean,""Bagasse"",2161.087,2011.802,2155.595,2010.837,2139.521,2231.381,2250.996,2762.005,2600.282,2713.278,3402.431,3108.001,3812.511,4553.630,4642.871,5410.384,5763.527,5277.958,6103.902,7180.309,6087.632,6393.717"
"Central America and the Caribbean,""Other solid biofuels"",9.176,11.300,11.295,9.409,8.913,9.969,11.034,19.178,28.634,32.312,14.563,29.459,27.618,30.620,70.382,334.818,804.142,804.921,631.332,944.078,671.467,999.617"
"Central America and the Caribbean,""Liquid biofuels"",0.000,0.000,0.000,0.000,0.000,0.000,0.000,0.000,0.000,0.000,0.000,0.000,0.000,0.000,0.000,0.000,0.000,0.000,0.000,0.000,0.000,0.000"
"Central America and the Caribbean,""Biogas"",0.000,0.000,0.000,0.000,0.000,0.007,34.699,34.874,34.874,34.936,35.089,36.204,32.136,45.762,49.711,77.637,83.041,115.216,130.634,148.935,168.102,252.711"
"Central America and the Caribbean,""Geothermal"",2081.440,2338.045,2433.531,2613.720,2624.053,2652.894,2818.520,3191.360,3333.439,3335.782,3277.276,3379.695,3757.487,4049.370,4079.756,3927.418,4017.287,3895.636,3968.859,4432.235,4709.446,4592.063"
"Eurasia,""Total renewable energy"",204788.543,207012.834,207582.421,203518.163,234254.578,224791.200,229449.490,226388.381,212342.900,226053.190,239602.966,239048.139,243816.533,264150.550,241489.119,265956.978,290489.280,287731.812,305597.180,343317.168,356908.943,353092.352"
"Eurasia,""Hydropower"",205729.312,208510.306,209092.448,204870.596,235533.268,226070.148,230582.538,227202.483,212637.558,225290.226,237038.579,234472.617,237335.476,255197.826,230693.333,250610.270,268692.936,259787.421,268215.204,299398.987,304493.524,286502.454"
"Eurasia,""Renewable hydropower"",204431.312,206559.306,207119.448,202912.596,233573.268,224143.148,228653.538,225268.483,210689.558,223355.226,235124.579,232708.617,235914.476,253694.826,228819.333,248689.270,266664.936,257669.421,266329.708,297605.924,302691.384,284686.768"
"Eurasia,""Pumped storage"",1298.000,1951.000,1973.000,1958.000,1960.000,1927.000,1929.000,1934.000,1948.000,1935.000,1914.000,1764.000,1421.000,1503.000,1874.000,1921.000,2028.000,2118.000,1885.496,1793.063,1802.140,1815.686"
"Eurasia,""Marine"",0.082,0.082,0.082,0.082,0.082,0.082,0.082,0.349,0.349,0.349,0.349,0.349,0.349,0.349,0.349,0.349,0.349,0.349,0.349,0.349,0.349,0.349"
"Eurasia,""Wind"",35.000,65.000,54.000,70.000,65.000,66.000,134.144,365.011,853.934,1505.769,2927.873,4734.473,5869.890,7567.107,8531.481,11666.791,15556.673,18021.815,20195.015,22075.128,26418.008,34510.466"
"Eurasia,""Onshore wind energy"",35.000,65.000,54.000,70.000,65.000,66.000,134.144,365.011,853.934,1505.769,2927.873,4734.473,5869.890,7567.107,8531.481,11666.791,15556.673,18021.815,20195.015,22075.128,26418.008,34510.466"
"Eurasia,""Offshore wind energy"",0.000,0.000,0.000,0.000,0.000,0.000,0.000,0.000,0.000,0.000,0.000,0.000,0.000,0.000,0.000,0.000,0.000,0.000,0.000,0.000,0.000,0.000"
"Eurasia,""Solar"",0.149,0.446,0.891,1.485,2.228,2.970,3.713,4.584,5.624,7.109,8.952,10.350,18.475,30.640,30.473,264.047,1161.375,3126.941,8330.556,10440.740,12311.880,15641.262"
"Eurasia,""Solar photovoltaic"",0.149,0.446,0.891,1.485,2.228,2.970,3.713,4.584,5.624,7.109,8.952,10.350,18.475,28.085,27.407,260.981,1158.309,3123.875,8327.490,10437.674,12308.814,15638.196"
"Eurasia,""Concentrated solar power"",0.000,0.000,0.000,0.000,0.000,0.000,0.000,0.000,0.000,0.000,0.000,0.000,0.000,2.555,3.066,3.066,3.066,3.066,3.066,3.066,3.066,3.066"
"Eurasia,""Bioenergy"",188.000,207.000,147.000,121.000,118.000,75.000,101.000,109.000,166.000,285.000,368.000,378.000,637.000,1050.100,1288.500,1454.978,1841.500,2350.852,2884.233,3810.611,5038.195,7038.849"
"Eurasia,""Solid biofuels and renewable municipal waste"",167.000,183.000,121.000,90.000,88.000,46.000,66.000,39.000,48.000,63.000,72.000,51.000,78.000,206.100,239.500,245.978,280.500,567.532,720.559,1189.808,1950.253,2900.406"
"Eurasia,""Renewable municipal waste"",0.000,0.000,0.000,0.000,0.000,0.000,0.000,0.000,0.000,0.000,0.000,0.000,0.000,134.100,173.500,181.800,174.500,170.300,173.652,212.967,215.138,477.623"
"Eurasia,""Bagasse"",0.000,0.000,0.000,0.000,0.000,0.000,0.000,0.000,0.000,0.000,0.000,0.000,0.000,0.000,0.000,0.000,0.000,0.000,0.000,0.000,0.000,0.000"
"Eurasia,""Other solid biofuels"",167.000,183.000,121.000,90.000,88.000,46.000,66.000,39.000,48.000,63.000,72.000,51.000,78.000,72.000,66.000,64.178,106.000,397.232,546.907,976.841,1735.115,2422.783"
"Eurasia,""Liquid biofuels"",0.000,0.000,0.000,0.000,0.000,0.000,0.000,0.000,0.000,0.000,0.000,0.000,0.000,0.000,2.000,1.000,1.000,2.351,5.061,22.357,40.449,56.163"
"Eurasia,""Biogas"",21.000,24.000,26.000,31.000,30.000,29.000,35.000,70.000,118.000,222.000,296.000,327.000,559.000,844.000,1047.000,1208.000,1560.000,1780.969,2158.613,2598.446,3047.493,4082.280"
"Eurasia,""Geothermal"",134.000,181.000,261.000,413.000,496.000,504.000,557.013,640.954,627.435,899.737,1173.213,1216.350,1376.343,1807.528,2818.983,3881.543,5264.447,6562.434,7857.319,9384.416,10449.127,11214.658"
"Europe,""Total renewable energy"",637436.686,649402.798,605749.738,588378.527,643816.210,677730.795,686977.808,729698.858,790027.948,814650.087,897898.839,885327.264,1004205.129,1094357.867,1135677.857,1173944.678,1195659.603,1210685.991,1297603.628,1330965.284,1451851.988,1467752.948"
"Europe,""Hydropower"",607014.616,611563.357,557220.165,521556.049,551300.690,564928.550,550428.067,557742.292,587778.059,580977.361,622862.635,541657.735,596257.733,630181.034,631521.057,597676.554,613411.017,557415.927,612977.523,567095.933,611686.785,620163.539"
"Europe,""Renewable hydropower"",573261.053,578342.280,519298.383,485140.614,514259.469,525669.533,511397.811,520210.484,550918.054,544934.835,586887.342,509219.655,561415.030,595251.419,596242.912,562626.599,578250.952,520358.049,578142.150,534135.445,575390.039,585761.175"
"Europe,""Pumped storage"",33753.563,33221.077,37921.782,36415.435,37041.221,39259.017,39030.256,37531.808,36860.005,36042.526,35975.293,32438.080,34842.703,34929.615,35278.145,35049.955,35160.065,37057.878,34835.373,32960.488,36296.746,34402.364"
"Europe,""Marine"",507.307,484.933,494.433,490.368,470.176,480.895,464.265,465.292,465.119,449.397,478.797,479.929,463.740,419.175,483.317,491.159,521.010,546.112,509.330,513.264,520.064,508.114"
"Europe,""Wind"",22264.289,26751.780,36422.358,44850.677,59758.813,71551.580,83635.363,106151.716,121619.263,135195.168,151106.802,182761.361,209258.157,240516.191,258132.619,307629.270,307642.683,367188.619,383412.922,440787.778,489040.718,469280.699"
"Europe,""Onshore wind energy"",22147.405,26595.795,35980.945,44010.798,58528.510,70113.997,81957.025,103881.163,118314.808,130843.592,143801.858,171537.817,195264.835,220887.066,234346.744,272513.538,268936.783,315979.138,324864.509,368530.435,400907.052,385962.639"
"Europe,""Offshore wind energy"",116.884,155.985,441.413,839.879,1230.303,1437.583,1678.338,2270.553,3304.455,4351.576,7304.944,11223.544,13993.322,19629.125,23785.875,35115.732,38705.900,51209.481,58548.413,72257.343,88133.666,83318.060"
"Europe,""Solar"",130.520,201.078,289.948,443.053,719.647,1495.387,2533.349,3826.406,7502.544,14190.795,23381.012,47755.525,72160.219,87259.764,100006.769,110521.407,113841.659,122474.941,129641.170,142578.481,168323.002,186558.114"
"Europe,""Solar photovoltaic"",130.520,201.078,289.948,443.053,719.647,1495.387,2533.349,3818.396,7486.397,14087.795,22610.337,45787.050,68375.701,82480.542,94539.488,104915.695,108249.984,116579.466,124761.695,136883.006,163318.527,181369.639"
"Europe,""Concentrated solar power"",0.000,0.000,0.000,0.000,0.000,0.000,0.000,8.010,16.147,103.000,770.675,1968.475,3784.518,4779.222,5467.281,5605.712,5591.675,5895.475,4879.475,5695.475,5004.475,5188.475"
"Europe,""Bioenergy"",35165.517,37559.727,43050.651,50613.850,61601.152,71477.730,80700.098,89693.885,99753.734,109780.535,125977.155,134462.360,149878.101,159640.029,169270.474,181059.599,183603.139,188233.632,193233.231,200206.372,205900.306,213304.823"
"Europe,""Solid biofuels and renewable municipal waste"",28590.479,29932.101,33897.293,39922.508,49350.075,56730.975,62589.466,66814.672,73240.749,77800.049,88387.798,92295.778,98842.287,101070.019,106156.223,113902.424,114884.163,119029.768,124791.893,131566.401,136214.155,147163.351"
"Europe,""Renewable municipal waste"",7996.512,8751.705,9023.389,10022.632,10792.727,12411.204,13700.368,15464.383,16294.192,16340.066,18060.271,19010.404,19561.612,20092.395,21087.240,21933.604,22515.543,23530.416,24181.821,24211.536,24627.114,25450.527"
"Europe,""Bagasse"",0.000,0.000,0.000,0.000,0.000,0.000,10.820,10.014,4.015,0.329,1.501,0.000,0.000,0.000,0.000,11.764,14.705,9.715,27.395,34.353,33.883,14.781"
"Europe,""Other solid biofuels"",20544.917,21076.616,24776.062,29796.871,38328.103,43964.802,48407.912,50758.643,56112.819,60248.630,68864.072,71513.888,76815.948,79524.647,83415.368,90336.659,90759.904,93948.509,99066.352,105623.766,109605.921,120201.629"
"Europe,""Liquid biofuels"",0.000,15.000,103.430,56.090,571.010,1768.556,2920.396,1552.273,1911.053,3897.257,5101.329,3490.045,3666.626,4382.761,4907.335,5621.534,5317.960,5023.366,4860.750,5166.677,5079.117,4474.609"
"Europe,""Biogas"",6575.038,7612.626,9049.928,10635.252,11680.067,12978.199,15190.236,21326.940,24601.932,28083.229,32488.028,38676.537,47369.188,54187.249,58206.916,61535.641,63401.016,64180.498,63580.588,63473.294,64607.034,61666.863"
"Europe,""Geothermal"",6108.000,6063.000,6193.965,6839.965,7006.953,7055.670,8246.922,9351.075,9769.234,10099.357,10067.731,10648.434,11029.882,11271.289,11541.766,11616.644,11800.160,11884.638,12664.825,12743.944,12677.859,12340.023"
"European Union,""Total renewable energy"",408761.201,438232.959,392061.084,399459.846,442328.948,445477.465,469402.962,498582.299,542275.359,572378.524,654364.102,647291.971,730601.208,809347.112,839702.307,858735.775,873800.483,877601.807,942516.837,980447.660,1062234.635,1077966.153"
"European Union,""Hydropower"",380083.094,402929.435,346716.127,336711.445,356288.916,341512.598,343848.324,340075.994,356038.392,358571.278,402303.203,333733.766,360613.866,397721.584,399565.694,364252.669,373649.690,323492.152,371416.598,346517.913,376372.482,375804.480"
"European Union,""Renewable hydropower"",351581.495,374972.855,314302.437,306211.760,324762.355,308571.006,311738.772,309672.828,326763.387,329909.490,372848.810,308310.623,332735.716,369085.148,371007.181,337003.534,346531.718,295374.706,345063.592,321134.729,348066.085,349273.315"
"European Union,""Pumped storage"",28501.599,27956.580,32413.690,30499.685,31526.561,32941.592,32109.552,30403.166,29275.005,28661.788,29454.393,25423.143,27878.150,28636.436,28558.513,27249.135,27117.972,28117.446,26353.006,25383.184,28306.397,26531.165"
"European Union,""Marine"",507.307,484.933,494.433,490.368,470.176,480.895,464.265,465.292,465.119,448.397,476.697,478.829,459.640,415.075,482.217,490.959,520.810,542.012,500.230,499.164,508.964,502.991"
"European Union,""Wind"",21284.681,25755.585,35092.396,43340.872,57556.982,68118.212,78749.227,99964.814,113296.595,124620.207,139897.176,165397.102,187539.677,209548.200,222428.343,263274.929,266887.716,312379.437,320686.963,367238.855,397926.695,387026.095"
"European Union,""Onshore wind energy"",21168.797,25604.600,34655.983,42510.993,56525.679,67083.629,77721.889,98477.261,111327.140,122027.631,135656.902,159328.588,181154.525,201395.855,212053.058,245588.937,244592.556,282090.876,288668.750,326961.662,350479.119,339222.575"
"European Union,""Offshore wind energy"",115.884,150.985,436.413,829.879,1031.303,1034.583,1027.338,1487.553,1969.455,2592.576,4240.274,6068.514,6385.152,8152.345,10375.285,17685.992,22295.160,30288.561,32018.213,40277.193,47447.576,47803.520"
"European Union,""Solar"",113.355,180.777,266.511,415.610,691.108,1459.583,2495.257,3782.673,7451.460,14145.749,23355.617,47563.260,70579.889,84605.505,94680.687,101376.003,101555.167,108442.362,113581.268,124423.125,145662.317,164353.426"
"European Union,""Solar photovoltaic"",113.355,180.777,266.511,415.610,691.108,1459.583,2495.257,3774.663,7435.313,14042.749,22584.942,45594.785,66795.371,79826.283,89213.406,95770.291,95963.492,102546.887,108701.793,118727.650,140657.842,159164.951"
"European Union,""Concentrated solar power"",0.000,0.000,0.000,0.000,0.000,0.000,0.000,8.010,16.147,103.000,770.675,1968.475,3784.518,4779.222,5467.281,5605.712,5591.675,5895.475,4879.475,5695.475,5004.475,5188.475"
"European Union,""Bioenergy"",30467.989,32207.215,37127.491,43544.151,53295.670,61354.814,70261.727,78829.421,88477.935,97658.882,112168.763,119539.304,133415.391,139585.569,144725.122,149893.880,151488.113,154036.054,155922.999,160316.513,163238.250,170187.918"
"European Union,""Solid biofuels and renewable municipal waste"",26595.951,27605.589,31172.133,36612.809,45634.593,51523.059,57188.095,61317.208,67446.994,71454.612,80847.758,83949.575,89099.623,88005.354,88917.960,90452.315,91104.469,93347.261,95938.682,100119.517,102355.616,113068.603"
"European Union,""Renewable municipal waste"",6491.512,7133.705,7387.889,8283.132,9010.227,10611.704,11679.168,13337.883,13944.492,13767.066,15527.571,16477.604,16689.036,17191.091,17879.448,18037.495,18421.682,18751.216,19347.821,19029.530,18877.336,19577.318"
"European Union,""Bagasse"",336.472,309.488,309.340,295.801,376.018,328.584,358.049,322.968,325.239,341.952,331.272,324.805,328.809,297.265,311.665,337.598,308.609,334.205,355.684,550.424,523.108,524.383"
"European Union,""Other solid biofuels"",19718.917,20058.616,23377.062,27930.871,36019.103,40227.802,44680.512,47074.725,52347.540,56134.570,63526.961,65375.680,69617.051,69064.021,69073.232,70456.825,70780.167,72723.595,74722.595,78846.599,81011.892,91474.936"
"European Union,""Liquid biofuels"",0.000,15.000,103.430,56.090,571.010,1768.556,2920.396,1552.273,1911.053,3897.257,5101.329,3490.045,3666.626,4382.761,4907.335,5621.534,5317.960,5023.366,4862.870,5173.204,5082.913,4479.502"
"European Union,""Biogas"",3872.038,4586.626,5851.928,6875.252,7090.067,8063.199,10153.236,15959.940,19119.888,22307.013,26219.676,32099.684,40649.142,47197.454,50899.827,53820.031,55065.684,55665.427,55121.447,55023.792,55799.721,52639.813"
"European Union,""Geothermal"",4806.374,4631.594,4777.816,5457.085,5552.657,5492.955,5693.714,5867.271,5820.863,5595.799,5617.039,6002.853,5870.895,6107.615,6378.757,6696.470,6816.959,6827.236,6761.785,6835.274,6832.324,6622.408"
"South America,""Total renewable energy"",544313.581,514777.853,539688.496,564640.316,585696.423,620772.347,647093.903,674513.260,680605.803,704209.244,712643.346,759726.330,751290.750,737177.463,731558.561,731036.954,767818.507,786568.259,819686.658,826793.478,840026.522,835579.501"
"South America,""Hydropower"",534255.548,502293.765,525872.751,548850.837,569167.213,603417.440,628862.857,651384.745,653598.469,672596.591,672220.489,715080.692,699694.718,676513.827,657449.310,640508.622,659561.967,662827.787,681524.342,670254.229,664838.754,632278.746"
"South America,""Renewable hydropower"",534144.548,502254.765,525809.751,548803.837,569025.213,602985.440,628517.857,650818.745,653060.469,671881.591,671669.489,714519.692,698975.718,676016.827,656967.310,639930.622,659023.967,662427.087,681241.887,669844.937,664250.754,631575.130"
"South America,""Pumped storage"",111.000,39.000,63.000,47.000,142.000,432.000,345.000,566.000,538.000,715.000,551.000,561.000,719.000,497.000,482.000,578.000,538.000,400.700,282.455,409.292,588.000,703.616"
"South America,""Marine"",0.000,0.000,0.000,0.000,0.000,0.000,0.000,0.000,0.000,0.000,0.000,0.000,0.088,0.088,0.110,0.088,0.044,0.044,0.044,0.044,0.044,0.044"
"South America,""Wind"",37.750,93.511,143.555,148.104,193.595,227.431,378.789,786.487,1330.306,1462.317,2652.020,3263.371,6510.620,8493.605,15514.474,27274.540,40809.721,51691.366,59971.420,72599.288,79600.621,100001.219"
"South America,""Onshore wind energy"",37.750,93.511,143.555,148.104,193.595,227.431,378.789,786.487,1330.306,1462.317,2652.020,3263.371,6510.620,8493.605,15514.474,27274.540,40809.721,51691.366,59971.420,72599.288,79600.621,100001.219"
"South America,""Offshore wind energy"",0.000,0.000,0.000,0.000,0.000,0.000,0.000,0.000,0.000,0.000,0.000,0.000,0.000,0.000,0.000,0.000,0.000,0.000,0.000,0.000,0.000,0.000"
"South America,""Solar"",7.928,9.573,10.942,12.061,13.206,14.527,16.029,17.929,20.505,25.991,32.523,77.946,175.756,334.722,862.499,1799.014,3327.516,5533.940,10270.414,15589.701,22185.645,32002.407"
"South America,""Solar photovoltaic"",7.928,9.573,10.942,12.061,13.206,14.527,16.029,17.929,20.505,25.991,32.523,77.946,175.756,334.722,862.499,1799.014,3327.516,5533.940,10270.414,15589.701,22185.645,31883.851"
"South America,""Concentrated solar power"",0.000,0.000,0.000,0.000,0.000,0.000,0.000,0.000,0.000,0.000,0.000,0.000,0.000,0.000,0.000,0.000,0.000,0.000,0.000,0.000,0.000,118.556"
"South America,""Bioenergy"",10119.360,12416.009,13720.253,15672.319,16460.414,17540.954,18177.233,22886.104,26190.528,30837.348,38289.314,41865.321,45628.568,52332.221,58214.168,62032.690,64657.259,66852.022,67988.793,68557.508,73773.458,71675.182"
"South America,""Solid biofuels and renewable municipal waste"",10119.360,12415.449,13719.133,15410.199,16361.294,17277.226,18016.139,22657.509,25761.137,30261.075,37571.587,41050.067,44710.382,51246.188,56917.314,60677.212,63513.791,65589.660,66537.274,66774.230,71672.998,69102.941"
"South America,""Renewable municipal waste"",30.000,58.000,34.000,67.000,62.000,43.000,55.000,59.000,58.000,50.000,0.000,0.000,0.000,0.000,0.000,0.000,9.461,9.461,13.928,31.147,47.185,77.330"
"South America,""Bagasse"",4658.674,5689.596,6511.203,8027.997,8212.745,9069.616,9606.234,12448.199,13392.473,15593.651,23978.484,24188.260,27160.354,32292.686,35272.490,36929.188,38372.203,38793.421,38725.078,39974.265,43202.486,38919.317"
"South America,""Other solid biofuels"",5430.686,6667.853,7173.930,7315.202,8086.549,8164.610,8354.905,10150.310,12310.664,14617.424,13593.103,16861.807,17550.028,18953.502,21644.824,23748.024,25132.127,26786.778,27798.268,26768.818,28423.327,30106.294"
"South America,""Liquid biofuels"",0.000,0.000,0.000,0.000,0.000,0.127,10.896,55.932,210.756,236.624,397.135,399.358,476.773,506.443,721.207,706.415,327.054,292.032,401.802,443.707,565.936,718.859"
"South America,""Biogas"",0.000,0.560,1.120,262.120,99.120,263.601,150.198,172.663,218.635,339.649,320.592,415.896,441.413,579.590,575.647,649.063,816.414,970.330,1049.717,1339.571,1534.524,1853.382"
"South America,""Geothermal"",3.995,3.995,3.995,3.995,3.995,3.995,3.995,3.995,3.995,1.997,0.000,0.000,0.000,0.000,0.000,0.000,0.000,63.800,214.100,202.000,216.000,325.519"
"Africa,""Total renewable energy"",78912.604,85921.583,84053.483,85991.824,91393.747,98558.266,100530.800,99312.876,104084.934,110471.247,116198.370,117660.811,120533.414,127704.259,134985.466,137570.105,138272.124,149116.543,162233.619,173858.339,183625.307,194361.046"
"Africa,""Hydropower"",77918.584,84467.163,83318.665,85554.311,90974.537,97827.257,99798.726,98242.055,102540.853,108240.816,113027.296,113538.014,115267.689,121567.133,125686.574,124599.297,121742.912,130740.774,140549.073,147724.740,152606.568,159208.662"
"Africa,""Renewable hydropower"",76080.584,82766.913,80835.165,82635.561,87464.037,94310.957,96269.226,94854.755,99273.403,105107.516,109964.046,110444.964,112087.689,118449.483,122240.574,121237.097,118136.162,126178.024,135682.432,142391.240,147322.868,154058.317"
"Africa,""Pumped storage"",1838.000,1700.250,2483.500,2918.750,3510.500,3516.300,3529.500,3387.300,3267.450,3133.300,3063.250,3093.050,3180.000,3117.650,3446.000,3362.200,3606.750,4562.750,4866.641,5333.500,5283.700,5150.345"
"Africa,""Marine"",0.000,0.000,0.000,0.000,0.000,0.000,0.000,0.000,0.000,0.000,0.000,0.000,0.000,0.000,0.000,0.000,0.000,0.000,0.000,0.000,0.000,0.000"
"Africa,""Wind"",185.094,425.249,455.162,468.361,639.094,804.174,809.559,990.876,1222.534,1483.647,2012.290,2407.884,2817.231,3499.767,4477.289,5457.131,7006.337,7152.342,7845.576,9704.169,10563.129,12337.638"
"Africa,""Onshore wind energy"",185.094,425.249,455.162,468.361,639.094,804.174,809.559,990.876,1222.534,1483.647,2012.290,2407.884,2817.231,3499.767,4477.289,5457.131,7006.337,7152.342,7845.576,9704.169,10563.129,12337.638"
"Africa,""Offshore wind energy"",0.000,0.000,0.000,0.000,0.000,0.000,0.000,0.000,0.000,0.000,0.000,0.000,0.000,0.000,0.000,0.000,0.000,0.000,0.000,0.000,0.000,0.000"
"Africa,""Solar"",14.466,18.977,21.855,24.890,26.714,31.282,39.342,49.310,63.452,91.501,189.280,627.912,1101.025,792.721,2085.705,3357.210,5196.927,7838.096,10215.359,12992.740,17238.191,19620.289"
"Africa,""Solar photovoltaic"",14.466,18.977,21.855,24.890,26.714,31.282,39.342,49.310,63.452,91.501,189.179,300.425,389.790,560.947,1735.120,2941.501,3995.737,5970.290,7775.472,9386.319,14002.829,16183.384"
"Africa,""Concentrated solar power"",0.000,0.000,0.000,0.000,0.000,0.000,0.000,0.000,0.000,0.000,0.101,327.487,711.235,231.774,350.585,415.709,1201.190,1867.806,2439.887,3606.421,3235.362,3436.905"
"Africa,""Bioenergy"",2200.460,2235.944,2303.301,2275.012,2352.402,2392.853,2382.673,2357.435,2381.545,2487.438,2631.669,2683.241,2940.589,3056.243,2975.813,3037.567,3243.773,3077.926,3321.817,3386.335,3116.239,3162.112"
"Africa,""Solid biofuels and renewable municipal waste"",2200.460,2235.944,2303.301,2275.012,2352.402,2392.853,2382.673,2348.435,2363.169,2467.338,2605.344,2654.875,2894.368,3002.454,2922.158,2969.412,3160.490,2961.169,3190.920,3221.388,2948.692,2996.515"
"Africa,""Renewable municipal waste"",0.000,0.000,0.000,0.000,0.000,0.000,0.000,0.000,0.000,0.000,0.000,0.000,0.000,0.000,0.000,0.000,0.000,0.000,0.000,0.000,0.000,0.000"
"Africa,""Bagasse"",2087.539,2095.959,2161.910,2140.050,2213.466,2245.207,2244.974,2209.630,2212.738,2330.841,2480.819,2497.314,2734.298,2838.474,2737.770,2778.454,2966.474,2761.369,2987.137,3020.521,2733.859,2761.161"
"Africa,""Other solid biofuels"",112.921,139.985,141.391,134.962,138.936,147.646,137.699,138.805,150.431,136.497,124.525,157.561,160.070,163.980,184.388,190.958,194.016,199.800,203.783,200.867,214.833,235.354"
"Africa,""Liquid biofuels"",0.000,0.000,0.000,0.000,0.000,0.000,0.000,0.000,0.000,0.000,0.000,0.000,0.000,0.050,0.360,0.510,0.510,0.510,2.810,7.210,4.410,6.210"
"Africa,""Biogas"",0.000,0.000,0.000,0.000,0.000,0.000,0.000,9.000,18.376,20.100,26.325,28.366,46.221,53.739,53.295,67.645,82.773,116.247,128.087,157.737,163.137,159.387"
"Africa,""Geothermal"",432.000,474.500,438.000,588.000,911.500,1019.000,1030.000,1060.500,1144.000,1301.145,1401.085,1496.810,1586.880,1906.045,3206.085,4481.100,4688.925,4870.155,5168.435,5383.855,5384.880,5182.690"
"Middle East,""Total renewable energy"",8082.230,9555.552,11985.218,15704.400,16548.925,26632.033,28026.205,26875.694,11825.621,13343.977,18269.872,21144.202,22181.533,24455.685,21207.911,20088.669,24926.384,23604.940,26569.241,50611.879,44995.458,40372.487"
"Middle East,""Hydropower"",8005.600,9469.800,11901.841,15621.683,16447.439,26505.284,27844.463,26673.502,11558.397,12997.460,17812.600,20444.079,21340.086,23356.949,19399.433,17604.734,21145.327,18436.115,18709.512,37706.027,27967.784,19205.975"
"Middle East,""Renewable hydropower"",8005.600,9469.800,11901.841,15621.683,16447.439,26505.284,27844.463,26673.502,11558.397,12997.460,17812.600,20444.079,21340.086,23356.949,19399.433,17604.734,21145.327,18436.115,18709.512,37706.027,27967.784,19205.975"
"Middle East,""Pumped storage"",0.000,0.000,0.000,0.000,0.000,0.000,0.000,0.000,0.000,0.000,0.000,0.000,0.000,0.000,0.000,0.000,0.000,0.000,0.000,0.000,0.000,0.000"
"Middle East,""Marine"",0.000,0.000,0.000,0.000,0.000,0.000,0.000,0.000,0.000,0.000,0.000,0.000,0.000,0.000,0.000,0.000,0.000,0.000,0.000,0.000,0.000,0.000"
"Middle East,""Wind"",39.542,46.656,44.281,42.621,61.390,85.953,139.365,154.912,210.002,240.427,222.116,225.772,216.503,227.614,215.760,379.667,670.243,947.327,1497.208,1736.639,2314.567,2552.410"
"Middle East,""Onshore wind energy"",39.542,46.656,44.281,42.621,61.390,85.953,139.365,154.912,210.002,240.427,222.116,225.772,216.503,227.614,215.760,379.667,670.243,947.327,1497.208,1736.639,2314.567,2552.410"
"Middle East,""Offshore wind energy"",0.000,0.000,0.000,0.000,0.000,0.000,0.000,0.000,0.000,0.000,0.000,0.000,0.000,0.000,0.000,0.000,0.000,0.000,0.000,0.000,0.000,0.000"
"Middle East,""Solar"",0.609,0.617,0.617,0.617,0.617,2.317,2.898,3.801,7.743,50.913,144.493,355.377,459.415,674.923,1324.838,1842.764,2796.727,3874.542,6009.285,10864.570,14368.771,18284.492"
"Middle East,""Solar photovoltaic"",0.609,0.617,0.617,0.617,0.617,2.317,2.898,3.801,7.743,50.913,144.493,355.377,459.415,621.405,1081.854,1599.795,2535.738,3617.242,5627.220,9977.208,13325.518,17018.896"
"Middle East,""Concentrated solar power"",0.000,0.000,0.000,0.000,0.000,0.000,0.000,0.000,0.000,0.000,0.000,0.000,0.000,53.518,242.984,242.969,260.989,257.300,382.065,887.362,1043.253,1265.596"
"Middle East,""Bioenergy"",36.479,38.479,38.479,39.479,39.479,38.479,39.479,43.479,49.479,55.177,90.663,118.974,165.529,196.199,267.880,261.504,314.087,346.956,353.236,304.643,344.336,329.610"
"Middle East,""Solid biofuels and renewable municipal waste"",0.000,0.000,0.000,0.000,0.000,0.000,0.000,0.000,0.000,6.000,6.000,15.532,15.532,68.379,88.379,102.212,104.928,109.799,114.204,92.822,106.096,106.096"
"Middle East,""Renewable municipal waste"",0.000,0.000,0.000,0.000,0.000,0.000,0.000,0.000,0.000,6.000,6.000,15.532,15.532,68.379,88.379,102.212,104.928,109.799,114.204,92.822,106.096,106.096"
"Middle East,""Bagasse"",0.000,0.000,0.000,0.000,0.000,0.000,0.000,0.000,0.000,0.000,0.000,0.000,0.000,0.000,0.000,0.000,0.000,0.000,0.000,0.000,0.000,0.000"
"Middle East,""Other solid biofuels"",0.000,0.000,0.000,0.000,0.000,0.000,0.000,0.000,0.000,0.000,0.000,0.000,0.000,0.000,0.000,0.000,0.000,0.000,0.000,0.000,0.000,0.000"
"Middle East,""Liquid biofuels"",0.000,0.000,0.000,0.000,0.000,0.000,0.000,0.000,0.000,0.000,0.000,0.000,0.000,0.000,0.000,0.000,0.000,0.000,0.000,0.000,0.000,0.000"
"Middle East,""Biogas"",36.479,38.479,38.479,39.479,39.479,38.479,39.479,43.479,49.479,49.177,84.663,103.442,149.997,127.820,179.501,159.292,209.159,237.157,239.032,211.821,238.240,223.514"
"Middle East,""Geothermal"",0.000,0.000,0.000,0.000,0.000,0.000,0.000,0.000,0.000,0.000,0.000,0.000,0.000,0.000,0.000,0.000,0.000,0.000,0.000,0.000,0.000,0.000"
"North America,""Total renewable energy"",738678.988,639846.647,741517.286,736928.856,743413.035,776274.210,798436.568,777869.334,826957.868,846946.277,856213.259,970138.528,957964.242,1003286.454,1030337.949,1038450.179,1118680.672,1211543.419,1234086.732,1254649.757,1333705.195,1382303.006"
"North America,""Hydropower"",671859.380,576757.550,667460.090,663319.885,664212.234,687873.386,701298.275,670788.474,698987.529,694159.231,675247.991,756966.419,710882.251,710372.824,703390.128,684709.398,708716.265,752009.387,735874.367,716430.804,722077.426,692112.951"
"North America,""Renewable hydropower"",644966.380,550170.550,642628.090,636093.885,637325.234,662281.386,675367.275,644751.474,673595.529,671228.231,651069.991,734027.419,690995.251,691004.824,683225.128,664487.398,686162.265,729146.297,714260.412,695547.408,700892.982,671384.381"
"North America,""Pumped storage"",26893.000,26587.000,24832.000,27226.000,26887.000,25592.000,25931.000,26037.000,25392.000,22931.000,24178.000,22939.000,19887.000,19368.000,20165.000,20222.000,22554.000,22863.090,21613.955,20883.396,21184.444,20728.570"
"North America,""Marine"",32.000,32.000,32.000,33.000,31.000,28.000,19.000,23.000,15.000,30.000,28.000,26.000,27.000,15.001,16.001,13.001,19.011,6.011,20.011,1.011,0.011,0.011"
"North America,""Wind"",5915.074,7144.174,10867.829,12131.700,15251.700,19453.700,29194.750,37859.559,59739.850,81464.163,105112.161,132690.451,156921.180,191990.534,212856.227,228701.095,270779.095,299379.854,322391.167,347799.875,397280.762,438641.900"
"North America,""Onshore wind energy"",5915.074,7144.174,10867.829,12131.700,15251.700,19453.700,29194.750,37859.559,59739.850,81464.163,105112.161,132690.451,156921.180,191990.534,212856.127,228700.920,270676.428,299277.187,322288.500,347697.208,397136.047,438497.185"
"North America,""Offshore wind energy"",0.000,0.000,0.000,0.000,0.000,0.000,0.000,0.000,0.000,0.000,0.000,0.000,0.000,0.000,0.100,0.175,102.667,102.667,102.667,102.667,144.715,144.715"
"North America,""Solar"",732.222,811.806,859.917,879.250,986.806,1156.034,1327.735,1721.136,2151.384,2661.747,4253.643,6937.038,11331.558,17815.794,28640.840,39627.144,54616.276,76058.125,92531.305,111915.574,140014.020,177621.519"
"North America,""Solar photovoltaic"",206.222,246.806,290.917,331.250,399.806,560.034,777.735,1048.136,1272.384,1845.747,3374.643,6044.038,10372.558,16801.794,25952.840,36083.144,50915.276,72471.482,88563.028,108323.116,136527.453,174391.697"
"North America,""Concentrated solar power"",526.000,565.000,569.000,548.000,587.000,596.000,550.000,673.000,879.000,816.000,879.000,893.000,959.000,1014.000,2688.000,3544.000,3701.000,3586.643,3968.277,3592.458,3486.567,3229.822"
"North America,""Bioenergy"",66511.312,61875.117,66792.450,66639.021,67754.295,69278.090,69261.808,69312.165,67527.105,67776.136,71554.464,72110.620,74737.253,77968.301,80889.753,80563.541,82372.025,82280.668,80735.526,75692.134,72165.930,71335.539"
"North America,""Solid biofuels and renewable municipal waste"",60226.312,55420.119,59345.448,58631.021,60024.295,61770.090,61146.808,61090.165,58274.105,57629.136,60826.463,60386.620,62032.254,63966.300,66014.751,65545.542,67606.028,67259.297,66111.227,61672.366,58617.725,58697.728"
"North America,""Renewable municipal waste"",8620.311,8356.120,8508.448,8308.020,9162.295,9751.092,9943.808,9820.165,9753.104,9692.135,9522.464,8850.621,8850.254,8598.300,8633.749,8607.544,8713.028,8385.756,8572.891,7333.290,7320.643,7328.004"
"North America,""Bagasse"",2044.209,3118.462,3547.815,3698.240,3766.003,4306.838,3568.161,3607.197,1890.100,1719.443,1930.336,1817.877,1906.203,1994.374,2155.969,2118.140,1980.759,2127.682,2439.951,2308.740,2385.573,2202.011"
"North America,""Other solid biofuels"",49487.891,43919.393,47268.153,46582.912,46913.963,47409.444,47357.078,47396.164,46503.410,46217.558,49373.663,49718.122,51275.797,53193.387,54860.022,54417.268,56475.319,56305.315,54878.029,52030.336,48911.509,49167.713"
"North America,""Liquid biofuels"",0.000,0.000,852.000,685.000,343.000,213.000,164.000,84.000,88.000,91.000,94.000,177.000,195.000,193.000,208.000,223.000,210.000,217.295,350.640,357.469,297.931,308.658"
"North America,""Biogas"",6285.000,6454.998,6595.002,7323.000,7387.000,7295.000,7951.000,8138.000,9165.000,10056.000,10634.001,11547.000,12509.999,13809.001,14667.002,14794.999,14555.997,14804.076,14273.659,13662.299,13250.274,12329.153"
"North America,""Geothermal"",20522.000,19813.000,20337.000,21152.000,22064.000,24077.000,23266.000,24202.000,23929.000,23786.000,24195.000,24347.000,23952.000,24492.000,24710.000,25058.000,24732.000,24672.464,24148.311,23693.755,23351.490,23319.656"
